Title,Company,Location,Board,Search Term,Commute,URL,Posted
"Junior+/Middle QA Engineer","","Remote","Glassdoor","Software QA Engineer","🌐 Remote","https://www.glassdoor.co.uk/job-listing/junior-middle-qa-engineer-gamingtec-JV_KO0,25_KE26,35.htm?jl=1010115114470",""
"QA Engineer (Remote)","","Remote","Glassdoor","Software QA Engineer","🌐 Remote","https://www.glassdoor.co.uk/job-listing/qa-engineer-remote-remotestar-JV_KO0,18_KE19,29.htm?jl=1009426005158",""
"Senior QA Engineer","","Remote","Glassdoor","Software QA Engineer","🌐 Remote","https://www.glassdoor.co.uk/job-listing/senior-qa-engineer-veeva-systems-JV_KO0,18_KE19,32.htm?jl=1010102287966",""
"QA Engineer III (AI-Powered)","","Remote","Glassdoor","Software QA Engineer","🌐 Remote","https://www.glassdoor.co.uk/job-listing/qa-engineer-iii-ai-powered-planet-dds-JV_KO0,26_KE27,37.htm?jl=1010136515976",""
"Senior QA Engineer","","Remote","Glassdoor","Software QA Engineer","🌐 Remote","https://www.glassdoor.co.uk/job-listing/senior-qa-engineer-arrive-il-JV_KO0,18_KE19,28.htm?jl=1010126925921",""
"Software Development Engineer In Test","","Remote","Glassdoor","Software QA Engineer","🌐 Remote","https://www.glassdoor.co.uk/job-listing/software-development-engineer-in-test-protect-line-JV_KO0,37_KE38,50.htm?jl=1010074982870",""
"Software QA Engineer","","","Reed","Software QA Engineer","🏢 Office | 📍 Brak lokalizacji","https://www.reed.co.uk/jobs/software-qa-engineer/56878054?source=searchResults&filter=%2Fjobs%2Fsoftware-qa-engineer-jobs-in-united-kingdom",""
"QA Engineer- Selenium Experience","","","Reed","Software QA Engineer","🏢 Office | 📍 Brak lokalizacji","https://www.reed.co.uk/jobs/qa-engineer-selenium-experience/56765039?source=searchResults&filter=%2Fjobs%2Fsoftware-qa-engineer-jobs-in-united-kingdom",""
"Test Engineer","","","Reed","Software QA Engineer","🏢 Office | 📍 Brak lokalizacji","https://www.reed.co.uk/jobs/test-engineer/56911082?source=searchResults&filter=%2Fjobs%2Fsoftware-qa-engineer-jobs-in-united-kingdom",""
"Software Quality Engineer","","","Reed","Software QA Engineer","🏢 Office | 📍 Brak lokalizacji","https://www.reed.co.uk/jobs/software-quality-engineer/56698833?source=searchResults&filter=%2Fjobs%2Fsoftware-qa-engineer-jobs-in-united-kingdom",""
"Quality Engineer","","","Reed","Software QA Engineer","🏢 Office | 📍 Brak lokalizacji","https://www.reed.co.uk/jobs/quality-engineer/56841765?source=searchResults&filter=%2Fjobs%2Fsoftware-qa-engineer-jobs-in-united-kingdom",""
"Performance QA Engineer","","","Reed","Software QA Engineer","🏢 Office | 📍 Brak lokalizacji","https://www.reed.co.uk/jobs/performance-qa-engineer/56758383?source=searchResults&filter=%2Fjobs%2Fsoftware-qa-engineer-jobs-in-united-kingdom",""
"QA/Test Engineer","","","Reed","Software QA Engineer","🏢 Office | 📍 Brak lokalizacji","https://www.reed.co.uk/jobs/qa-test-engineer/56789929?source=searchResults&filter=%2Fjobs%2Fsoftware-qa-engineer-jobs-in-united-kingdom",""
"Product Quality Engineer","","","Reed","Software QA Engineer","🏢 Office | 📍 Brak lokalizacji","https://www.reed.co.uk/jobs/product-quality-engineer/56891537?source=searchResults&filter=%2Fjobs%2Fsoftware-qa-engineer-jobs-in-united-kingdom",""
"QA Engineer","","","Reed","Software QA Engineer","🏢 Office | 📍 Brak lokalizacji","https://www.reed.co.uk/jobs/qa-engineer/56793724?source=searchResults&filter=%2Fjobs%2Fsoftware-qa-engineer-jobs-in-united-kingdom",""
"Junior Automation QA Engineer","","","Reed","Software QA Engineer","🏢 Office | 📍 Brak lokalizacji","https://www.reed.co.uk/jobs/junior-automation-qa-engineer/56812839?source=searchResults&filter=%2Fjobs%2Fsoftware-qa-engineer-jobs-in-united-kingdom",""
"Quality Assurance Engineer","","","Reed","Software QA Engineer","🏢 Office | 📍 Brak lokalizacji","https://www.reed.co.uk/jobs/quality-assurance-engineer/56788684?source=searchResults&filter=%2Fjobs%2Fsoftware-qa-engineer-jobs-in-united-kingdom",""
"QA Engineer","","","Reed","Software QA Engineer","🏢 Office | 📍 Brak lokalizacji","https://www.reed.co.uk/jobs/qa-engineer/56884981?source=searchResults&filter=%2Fjobs%2Fsoftware-qa-engineer-jobs-in-united-kingdom",""
"QA Engineer","","","Reed","Software QA Engineer","🏢 Office | 📍 Brak lokalizacji","https://www.reed.co.uk/jobs/qa-engineer/56789104?source=searchResults&filter=%2Fjobs%2Fsoftware-qa-engineer-jobs-in-united-kingdom",""
"QA Engineer - ServiceNow","","","Reed","Software QA Engineer","🏢 Office | 📍 Brak lokalizacji","https://www.reed.co.uk/jobs/qa-engineer-servicenow/56368015?source=searchResults&filter=%2Fjobs%2Fsoftware-qa-engineer-jobs-in-united-kingdom",""
"Lead Quality Engineer","","","Reed","Software QA Engineer","🏢 Office | 📍 Brak lokalizacji","https://www.reed.co.uk/jobs/lead-quality-engineer/56812312?source=searchResults&filter=%2Fjobs%2Fsoftware-qa-engineer-jobs-in-united-kingdom",""
"Test Quality Assurance Engineer","","","Reed","Software QA Engineer","🏢 Office | 📍 Brak lokalizacji","https://www.reed.co.uk/jobs/test-quality-assurance-engineer/56868487?source=searchResults&filter=%2Fjobs%2Fsoftware-qa-engineer-jobs-in-united-kingdom",""
"Senior Software Tester","","","Reed","Software QA Engineer","🏢 Office | 📍 Brak lokalizacji","https://www.reed.co.uk/jobs/senior-software-tester/56774708?source=searchResults&filter=%2Fjobs%2Fsoftware-qa-engineer-jobs-in-united-kingdom",""
"Quality Engineer","","","Reed","Software QA Engineer","🏢 Office | 📍 Brak lokalizacji","https://www.reed.co.uk/jobs/quality-engineer/56749696?source=searchResults&filter=%2Fjobs%2Fsoftware-qa-engineer-jobs-in-united-kingdom",""
"Test Engineer","","","Reed","Software QA Engineer","🏢 Office | 📍 Brak lokalizacji","https://www.reed.co.uk/jobs/test-engineer/56887525?source=searchResults&filter=%2Fjobs%2Fsoftware-qa-engineer-jobs-in-united-kingdom",""
"Lead Quality Engineer","","","Reed","Software QA Engineer","🏢 Office | 📍 Brak lokalizacji","https://www.reed.co.uk/jobs/lead-quality-engineer/56804612?source=searchResults&filter=%2Fjobs%2Fsoftware-qa-engineer-jobs-in-united-kingdom",""
"Tester/ Full Stack Quality Engineer - Katalon, Hybrid - London","","","Reed","Software QA Engineer","🔀 Hybrid | 📍 Brak lokalizacji","https://www.reed.co.uk/jobs/tester-full-stack-quality-engineer-katalon-hybrid-london/56782949?source=searchResults&filter=%2Fjobs%2Fsoftware-qa-engineer-jobs-in-united-kingdom",""
"IT Support Engineer Apprentice","","","Reed","Software QA Engineer","🏢 Office | 📍 Brak lokalizacji","https://www.reed.co.uk/jobs/it-support-engineer-apprentice/56907290?source=searchResults&filter=%2Fjobs%2Fsoftware-qa-engineer-jobs-in-united-kingdom",""
"Senior Software Engineer (Test)","","","Reed","Software QA Engineer","🏢 Office | 📍 Brak lokalizacji","https://www.reed.co.uk/jobs/senior-software-engineer-test/56758314?source=searchResults&filter=%2Fjobs%2Fsoftware-qa-engineer-jobs-in-united-kingdom",""
"Senior Software Developer","","","Reed","Software QA Engineer","🏢 Office | 📍 Brak lokalizacji","https://www.reed.co.uk/jobs/senior-software-developer/56904263?source=searchResults&filter=%2Fjobs%2Fsoftware-qa-engineer-jobs-in-united-kingdom",""
"Software Developer Apprentice","","","Reed","Software QA Engineer","🏢 Office | 📍 Brak lokalizacji","https://www.reed.co.uk/jobs/software-developer-apprentice/56813539?source=searchResults&filter=%2Fjobs%2Fsoftware-qa-engineer-jobs-in-united-kingdom",""
"Software QA Engineer","","","Reed","Software QA Automation Engineer","🏢 Office | 📍 Brak lokalizacji","https://www.reed.co.uk/jobs/software-qa-engineer/56878054?source=searchResults&filter=%2Fjobs%2Fsoftware-qa-automation-engineer-jobs-in-united-kingdom",""
"QA Engineer- Selenium Experience","","","Reed","Software QA Automation Engineer","🏢 Office | 📍 Brak lokalizacji","https://www.reed.co.uk/jobs/qa-engineer-selenium-experience/56765039?source=searchResults&filter=%2Fjobs%2Fsoftware-qa-automation-engineer-jobs-in-united-kingdom",""
"Test Engineer","","","Reed","Software QA Automation Engineer","🏢 Office | 📍 Brak lokalizacji","https://www.reed.co.uk/jobs/test-engineer/56911082?source=searchResults&filter=%2Fjobs%2Fsoftware-qa-automation-engineer-jobs-in-united-kingdom",""
"Junior Automation QA Engineer","","","Reed","Software QA Automation Engineer","🏢 Office | 📍 Brak lokalizacji","https://www.reed.co.uk/jobs/junior-automation-qa-engineer/56812839?source=searchResults&filter=%2Fjobs%2Fsoftware-qa-automation-engineer-jobs-in-united-kingdom",""
"QA/Test Engineer","","","Reed","Software QA Automation Engineer","🏢 Office | 📍 Brak lokalizacji","https://www.reed.co.uk/jobs/qa-test-engineer/56789929?source=searchResults&filter=%2Fjobs%2Fsoftware-qa-automation-engineer-jobs-in-united-kingdom",""
"QA Engineer","","","Reed","Software QA Automation Engineer","🏢 Office | 📍 Brak lokalizacji","https://www.reed.co.uk/jobs/qa-engineer/56793724?source=searchResults&filter=%2Fjobs%2Fsoftware-qa-automation-engineer-jobs-in-united-kingdom",""
"Lead Quality Engineer","","","Reed","Software QA Automation Engineer","🏢 Office | 📍 Brak lokalizacji","https://www.reed.co.uk/jobs/lead-quality-engineer/56812312?source=searchResults&filter=%2Fjobs%2Fsoftware-qa-automation-engineer-jobs-in-united-kingdom",""
"QA Engineer","","","Reed","Software QA Automation Engineer","🏢 Office | 📍 Brak lokalizacji","https://www.reed.co.uk/jobs/qa-engineer/56884981?source=searchResults&filter=%2Fjobs%2Fsoftware-qa-automation-engineer-jobs-in-united-kingdom",""
"Technical Customer Success Specialist - Graduate","","","Reed","Software QA Automation Engineer","🏢 Office | 📍 Brak lokalizacji","https://www.reed.co.uk/jobs/technical-customer-success-specialist-graduate/56865868?source=searchResults&filter=%2Fjobs%2Fsoftware-qa-automation-engineer-jobs-in-united-kingdom",""
"QA Engineer","","","Reed","Software QA Automation Engineer","🏢 Office | 📍 Brak lokalizacji","https://www.reed.co.uk/jobs/qa-engineer/56789104?source=searchResults&filter=%2Fjobs%2Fsoftware-qa-automation-engineer-jobs-in-united-kingdom",""
"AI & Digital Support Apprentice","","","Reed","Software QA Automation Engineer","🏢 Office | 📍 Brak lokalizacji","https://www.reed.co.uk/jobs/ai-digital-support-apprentice/56806607?source=searchResults&filter=%2Fjobs%2Fsoftware-qa-automation-engineer-jobs-in-united-kingdom",""
"Test Engineer","","","Reed","Software QA Automation Engineer","🏢 Office | 📍 Brak lokalizacji","https://www.reed.co.uk/jobs/test-engineer/56887525?source=searchResults&filter=%2Fjobs%2Fsoftware-qa-automation-engineer-jobs-in-united-kingdom",""
"Tester/ Full Stack Quality Engineer - Katalon, Hybrid - London","","","Reed","Software QA Automation Engineer","🔀 Hybrid | 📍 Brak lokalizacji","https://www.reed.co.uk/jobs/tester-full-stack-quality-engineer-katalon-hybrid-london/56782949?source=searchResults&filter=%2Fjobs%2Fsoftware-qa-automation-engineer-jobs-in-united-kingdom",""
"Senior Software Engineer (Test)","","","Reed","Software QA Automation Engineer","🏢 Office | 📍 Brak lokalizacji","https://www.reed.co.uk/jobs/senior-software-engineer-test/56758314?source=searchResults&filter=%2Fjobs%2Fsoftware-qa-automation-engineer-jobs-in-united-kingdom",""
"Senior C++ Developer (Hybrid, UK-Based)","","","Reed","Software QA Automation Engineer","🔀 Hybrid | 📍 Brak lokalizacji","https://www.reed.co.uk/jobs/senior-c-developer-hybrid-uk-based/56901919?source=searchResults&filter=%2Fjobs%2Fsoftware-qa-automation-engineer-jobs-in-united-kingdom",""
"Test Automation Lead","","","Reed","Software QA Automation Engineer","🏢 Office | 📍 Brak lokalizacji","https://www.reed.co.uk/jobs/test-automation-lead/56804787?source=searchResults&filter=%2Fjobs%2Fsoftware-qa-automation-engineer-jobs-in-united-kingdom",""
"Senior Automation Test Analyst","","","Reed","Software QA Automation Engineer","🏢 Office | 📍 Brak lokalizacji","https://www.reed.co.uk/jobs/senior-automation-test-analyst/56903788?source=searchResults&filter=%2Fjobs%2Fsoftware-qa-automation-engineer-jobs-in-united-kingdom",""
"Quality Engineer","","","Reed","Software QA Automation Engineer","🏢 Office | 📍 Brak lokalizacji","https://www.reed.co.uk/jobs/quality-engineer/56812768?source=searchResults&filter=%2Fjobs%2Fsoftware-qa-automation-engineer-jobs-in-united-kingdom",""
"QA Test Lead","","","Reed","Software QA Automation Engineer","🏢 Office | 📍 Brak lokalizacji","https://www.reed.co.uk/jobs/qa-test-lead/56821661?source=searchResults&filter=%2Fjobs%2Fsoftware-qa-automation-engineer-jobs-in-united-kingdom",""
"QA Auditor","","","Reed","Software QA Automation Engineer","🏢 Office | 📍 Brak lokalizacji","https://www.reed.co.uk/jobs/qa-auditor/56839922?source=searchResults&filter=%2Fjobs%2Fsoftware-qa-automation-engineer-jobs-in-united-kingdom",""
"Test Analyst - Remote - UK","","","Reed","Software QA Automation Engineer","🏢 Office | 📍 Brak lokalizacji","https://www.reed.co.uk/jobs/test-analyst-remote-uk/56876821?source=searchResults&filter=%2Fjobs%2Fsoftware-qa-automation-engineer-jobs-in-united-kingdom",""
"Q&A Test Engineer","","","Reed","Software QA Automation Engineer","🏢 Office | 📍 Brak lokalizacji","https://www.reed.co.uk/jobs/q-a-test-engineer/56912604?source=searchResults&filter=%2Fjobs%2Fsoftware-qa-automation-engineer-jobs-in-united-kingdom",""
"Senior Test Analyst","","","Reed","Software QA Automation Engineer","🏢 Office | 📍 Brak lokalizacji","https://www.reed.co.uk/jobs/senior-test-analyst/56833369?source=searchResults&filter=%2Fjobs%2Fsoftware-qa-automation-engineer-jobs-in-united-kingdom",""
"Senior Java Developer (AWS, Java, API) - Sussex - Hybrid","","","Reed","Software QA Automation Engineer","🔀 Hybrid | 📍 Brak lokalizacji","https://www.reed.co.uk/jobs/senior-java-developer-aws-java-api-sussex-hybrid/56886034?source=searchResults&filter=%2Fjobs%2Fsoftware-qa-automation-engineer-jobs-in-united-kingdom",""
"Lead AI Red Teaming & QA Engineer","","","Reed","Software QA Automation Engineer","🏢 Office | 📍 Brak lokalizacji","https://www.reed.co.uk/jobs/lead-ai-red-teaming-qa-engineer/56912145?source=searchResults&filter=%2Fjobs%2Fsoftware-qa-automation-engineer-jobs-in-united-kingdom",""
"QA Test Lead","","","Reed","Testing Lead","🏢 Office | 📍 Brak lokalizacji","https://www.reed.co.uk/jobs/qa-test-lead/56821661?source=searchResults&filter=%2Fjobs%2Ftesting-lead-jobs-in-united-kingdom",""
"Test Automation Lead","","","Reed","Testing Lead","🏢 Office | 📍 Brak lokalizacji","https://www.reed.co.uk/jobs/test-automation-lead/56804787?source=searchResults&filter=%2Fjobs%2Ftesting-lead-jobs-in-united-kingdom",""
"Test Lead","","","Reed","Testing Lead","🏢 Office | 📍 Brak lokalizacji","https://www.reed.co.uk/jobs/test-lead/56878121?source=searchResults&filter=%2Fjobs%2Ftesting-lead-jobs-in-united-kingdom",""
"Test Lead","","","Reed","Testing Lead","🏢 Office | 📍 Brak lokalizacji","https://www.reed.co.uk/jobs/test-lead/56689532?source=searchResults&filter=%2Fjobs%2Ftesting-lead-jobs-in-united-kingdom",""
"Security Test Lead","","","Reed","Testing Lead","🏢 Office | 📍 Brak lokalizacji","https://www.reed.co.uk/jobs/security-test-lead/56752614?source=searchResults&filter=%2Fjobs%2Ftesting-lead-jobs-in-united-kingdom",""
"Security & Infrastructure Test Lead","","","Reed","Testing Lead","🏢 Office | 📍 Brak lokalizacji","https://www.reed.co.uk/jobs/security-infrastructure-test-lead/56880373?source=searchResults&filter=%2Fjobs%2Ftesting-lead-jobs-in-united-kingdom",""
"Non-Functional Test Lead - Aladdin / Asset Management","","","Reed","Testing Lead","🏢 Office | 📍 Brak lokalizacji","https://www.reed.co.uk/jobs/non-functional-test-lead-aladdin-asset-management/56902133?source=searchResults&filter=%2Fjobs%2Ftesting-lead-jobs-in-united-kingdom",""
"Analytical Testing Lead (Chemistry)","","","Reed","Testing Lead","🏢 Office | 📍 Brak lokalizacji","https://www.reed.co.uk/jobs/analytical-testing-lead-chemistry/56907064?source=searchResults&filter=%2Fjobs%2Ftesting-lead-jobs-in-united-kingdom",""
"Transformer Test Manager","","","Reed","Testing Lead","🏢 Office | 📍 Brak lokalizacji","https://www.reed.co.uk/jobs/transformer-test-manager/56893161?source=searchResults&filter=%2Fjobs%2Ftesting-lead-jobs-in-united-kingdom",""
"Test Lead with Active SC Clearance - London/Corsham, UK","","","Reed","Testing Lead","🏢 Office | 📍 Brak lokalizacji","https://www.reed.co.uk/jobs/test-lead-with-active-sc-clearance-london-corsham-uk/56818623?source=searchResults&filter=%2Fjobs%2Ftesting-lead-jobs-in-united-kingdom",""
"Test Manager / Lead £600/d Financial Services Remote","","","Reed","Testing Lead","🏢 Office | 📍 Brak lokalizacji","https://www.reed.co.uk/jobs/test-manager-lead-600-d-financial-services-remote/56894233?source=searchResults&filter=%2Fjobs%2Ftesting-lead-jobs-in-united-kingdom",""
"Lead Test Architect","","","Reed","Testing Lead","🏢 Office | 📍 Brak lokalizacji","https://www.reed.co.uk/jobs/lead-test-architect/56878784?source=searchResults&filter=%2Fjobs%2Ftesting-lead-jobs-in-united-kingdom",""
"Senior Automation Test Analyst","","","Reed","Testing Lead","🏢 Office | 📍 Brak lokalizacji","https://www.reed.co.uk/jobs/senior-automation-test-analyst/56903788?source=searchResults&filter=%2Fjobs%2Ftesting-lead-jobs-in-united-kingdom",""
"Lead Software Test Engineer","","","Reed","Testing Lead","🏢 Office | 📍 Brak lokalizacji","https://www.reed.co.uk/jobs/lead-software-test-engineer/56878350?source=searchResults&filter=%2Fjobs%2Ftesting-lead-jobs-in-united-kingdom",""
"Lead Test Engineer – 12 month – SC Cleared – Manchester","","","Reed","Testing Lead","🏢 Office | 📍 Brak lokalizacji","https://www.reed.co.uk/jobs/lead-test-engineer--12-month--sc-cleared--manchester/56876926?source=searchResults&filter=%2Fjobs%2Ftesting-lead-jobs-in-united-kingdom",""
"Test and Release Manager","","","Reed","Testing Lead","🏢 Office | 📍 Brak lokalizacji","https://www.reed.co.uk/jobs/test-and-release-manager/56764062?source=searchResults&filter=%2Fjobs%2Ftesting-lead-jobs-in-united-kingdom",""
"Programme Test Manager - Inside IR35 - REMOTE","","","Reed","Testing Lead","🏢 Office | 📍 Brak lokalizacji","https://www.reed.co.uk/jobs/programme-test-manager-inside-ir35-remote/56864530?source=searchResults&filter=%2Fjobs%2Ftesting-lead-jobs-in-united-kingdom",""
"Internal Controls Tester","","","Reed","Testing Lead","🏢 Office | 📍 Brak lokalizacji","https://www.reed.co.uk/jobs/internal-controls-tester/56844404?source=searchResults&filter=%2Fjobs%2Ftesting-lead-jobs-in-united-kingdom",""
"Test Automation Manager","","","Reed","Testing Lead","🏢 Office | 📍 Brak lokalizacji","https://www.reed.co.uk/jobs/test-automation-manager/56769563?source=searchResults&filter=%2Fjobs%2Ftesting-lead-jobs-in-united-kingdom",""
"Lead Internal Quality Assurer","","","Reed","Testing Lead","🏢 Office | 📍 Brak lokalizacji","https://www.reed.co.uk/jobs/lead-internal-quality-assurer/56852440?source=searchResults&filter=%2Fjobs%2Ftesting-lead-jobs-in-united-kingdom",""
"Head of Penetration Testing (Hands-on)","","","Reed","Testing Lead","🏢 Office | 📍 Brak lokalizacji","https://www.reed.co.uk/jobs/head-of-penetration-testing-hands-on/56761883?source=searchResults&filter=%2Fjobs%2Ftesting-lead-jobs-in-united-kingdom",""
"Senior Design Engineer","","","Reed","Testing Lead","🏢 Office | 📍 Brak lokalizacji","https://www.reed.co.uk/jobs/senior-design-engineer/56790406?source=searchResults&filter=%2Fjobs%2Ftesting-lead-jobs-in-united-kingdom",""
"Software QA Lead","","","Reed","Testing Lead","🏢 Office | 📍 Brak lokalizacji","https://www.reed.co.uk/jobs/software-qa-lead/56848224?source=searchResults&filter=%2Fjobs%2Ftesting-lead-jobs-in-united-kingdom",""
"Testing Manager","","","Reed","Testing Lead","🏢 Office | 📍 Brak lokalizacji","https://www.reed.co.uk/jobs/testing-manager/56752652?source=searchResults&filter=%2Fjobs%2Ftesting-lead-jobs-in-united-kingdom",""
"Test Manager","","","Reed","Testing Lead","🏢 Office | 📍 Brak lokalizacji","https://www.reed.co.uk/jobs/test-manager/56831000?source=searchResults&filter=%2Fjobs%2Ftesting-lead-jobs-in-united-kingdom",""
"QA Test Lead","","","Reed","Test Lead","🏢 Office | 📍 Brak lokalizacji","https://www.reed.co.uk/jobs/qa-test-lead/56821661?source=searchResults&filter=%2Fjobs%2Ftest-lead-jobs-in-united-kingdom",""
"Test Automation Lead","","","Reed","Test Lead","🏢 Office | 📍 Brak lokalizacji","https://www.reed.co.uk/jobs/test-automation-lead/56804787?source=searchResults&filter=%2Fjobs%2Ftest-lead-jobs-in-united-kingdom",""
"Test Lead","","","Reed","Test Lead","🏢 Office | 📍 Brak lokalizacji","https://www.reed.co.uk/jobs/test-lead/56878121?source=searchResults&filter=%2Fjobs%2Ftest-lead-jobs-in-united-kingdom",""
"Test Lead","","","Reed","Test Lead","🏢 Office | 📍 Brak lokalizacji","https://www.reed.co.uk/jobs/test-lead/56689532?source=searchResults&filter=%2Fjobs%2Ftest-lead-jobs-in-united-kingdom",""
"Security Test Lead","","","Reed","Test Lead","🏢 Office | 📍 Brak lokalizacji","https://www.reed.co.uk/jobs/security-test-lead/56752614?source=searchResults&filter=%2Fjobs%2Ftest-lead-jobs-in-united-kingdom",""
"Security & Infrastructure Test Lead","","","Reed","Test Lead","🏢 Office | 📍 Brak lokalizacji","https://www.reed.co.uk/jobs/security-infrastructure-test-lead/56880373?source=searchResults&filter=%2Fjobs%2Ftest-lead-jobs-in-united-kingdom",""
"Non-Functional Test Lead - Aladdin / Asset Management","","","Reed","Test Lead","🏢 Office | 📍 Brak lokalizacji","https://www.reed.co.uk/jobs/non-functional-test-lead-aladdin-asset-management/56902133?source=searchResults&filter=%2Fjobs%2Ftest-lead-jobs-in-united-kingdom",""
"Analytical Testing Lead (Chemistry)","","","Reed","Test Lead","🏢 Office | 📍 Brak lokalizacji","https://www.reed.co.uk/jobs/analytical-testing-lead-chemistry/56907064?source=searchResults&filter=%2Fjobs%2Ftest-lead-jobs-in-united-kingdom",""
"Transformer Test Manager","","","Reed","Test Lead","🏢 Office | 📍 Brak lokalizacji","https://www.reed.co.uk/jobs/transformer-test-manager/56893161?source=searchResults&filter=%2Fjobs%2Ftest-lead-jobs-in-united-kingdom",""
"Test Lead with Active SC Clearance - London/Corsham, UK","","","Reed","Test Lead","🏢 Office | 📍 Brak lokalizacji","https://www.reed.co.uk/jobs/test-lead-with-active-sc-clearance-london-corsham-uk/56818623?source=searchResults&filter=%2Fjobs%2Ftest-lead-jobs-in-united-kingdom",""
"Test Manager / Lead £600/d Financial Services Remote","","","Reed","Test Lead","🏢 Office | 📍 Brak lokalizacji","https://www.reed.co.uk/jobs/test-manager-lead-600-d-financial-services-remote/56894233?source=searchResults&filter=%2Fjobs%2Ftest-lead-jobs-in-united-kingdom",""
"Lead Test Architect","","","Reed","Test Lead","🏢 Office | 📍 Brak lokalizacji","https://www.reed.co.uk/jobs/lead-test-architect/56878784?source=searchResults&filter=%2Fjobs%2Ftest-lead-jobs-in-united-kingdom",""
"Senior Automation Test Analyst","","","Reed","Test Lead","🏢 Office | 📍 Brak lokalizacji","https://www.reed.co.uk/jobs/senior-automation-test-analyst/56903788?source=searchResults&filter=%2Fjobs%2Ftest-lead-jobs-in-united-kingdom",""
"Lead Software Test Engineer","","","Reed","Test Lead","🏢 Office | 📍 Brak lokalizacji","https://www.reed.co.uk/jobs/lead-software-test-engineer/56878350?source=searchResults&filter=%2Fjobs%2Ftest-lead-jobs-in-united-kingdom",""
"Lead Test Engineer – 12 month – SC Cleared – Manchester","","","Reed","Test Lead","🏢 Office | 📍 Brak lokalizacji","https://www.reed.co.uk/jobs/lead-test-engineer--12-month--sc-cleared--manchester/56876926?source=searchResults&filter=%2Fjobs%2Ftest-lead-jobs-in-united-kingdom",""
"Test and Release Manager","","","Reed","Test Lead","🏢 Office | 📍 Brak lokalizacji","https://www.reed.co.uk/jobs/test-and-release-manager/56764062?source=searchResults&filter=%2Fjobs%2Ftest-lead-jobs-in-united-kingdom",""
"Programme Test Manager - Inside IR35 - REMOTE","","","Reed","Test Lead","🏢 Office | 📍 Brak lokalizacji","https://www.reed.co.uk/jobs/programme-test-manager-inside-ir35-remote/56864530?source=searchResults&filter=%2Fjobs%2Ftest-lead-jobs-in-united-kingdom",""
"NPI Test Engineer","","","Reed","Test Lead","🏢 Office | 📍 Brak lokalizacji","https://www.reed.co.uk/jobs/npi-test-engineer/56877145?source=searchResults&filter=%2Fjobs%2Ftest-lead-jobs-in-united-kingdom",""
"Test Automation Manager","","","Reed","Test Lead","🏢 Office | 📍 Brak lokalizacji","https://www.reed.co.uk/jobs/test-automation-manager/56769563?source=searchResults&filter=%2Fjobs%2Ftest-lead-jobs-in-united-kingdom",""
"Internal Controls Tester","","","Reed","Test Lead","🏢 Office | 📍 Brak lokalizacji","https://www.reed.co.uk/jobs/internal-controls-tester/56844404?source=searchResults&filter=%2Fjobs%2Ftest-lead-jobs-in-united-kingdom",""
"Head of Penetration Testing (Hands-on)","","","Reed","Test Lead","🏢 Office | 📍 Brak lokalizacji","https://www.reed.co.uk/jobs/head-of-penetration-testing-hands-on/56761883?source=searchResults&filter=%2Fjobs%2Ftest-lead-jobs-in-united-kingdom",""
"Senior Design Engineer","","","Reed","Test Lead","🏢 Office | 📍 Brak lokalizacji","https://www.reed.co.uk/jobs/senior-design-engineer/56790406?source=searchResults&filter=%2Fjobs%2Ftest-lead-jobs-in-united-kingdom",""
"Software QA Lead","","","Reed","Test Lead","🏢 Office | 📍 Brak lokalizacji","https://www.reed.co.uk/jobs/software-qa-lead/56848224?source=searchResults&filter=%2Fjobs%2Ftest-lead-jobs-in-united-kingdom",""
"Test Manager","","","Reed","Test Lead","🏢 Office | 📍 Brak lokalizacji","https://www.reed.co.uk/jobs/test-manager/56831000?source=searchResults&filter=%2Fjobs%2Ftest-lead-jobs-in-united-kingdom",""
"Lead Automation Tester Engineer, C#, tyescript, Playwright","","","Reed","Test Lead","🏢 Office | 📍 Brak lokalizacji","https://www.reed.co.uk/jobs/lead-automation-tester-engineer-c-tyescript-playwright/56838448?source=searchResults&filter=%2Fjobs%2Ftest-lead-jobs-in-united-kingdom",""
"QA Engineer","","","Reed","QA Engineer","🏢 Office | 📍 Brak lokalizacji","https://www.reed.co.uk/jobs/qa-engineer/56884981?source=searchResults&filter=%2Fjobs%2Fqa-engineer-jobs-in-united-kingdom",""
"QA Engineer","","","Reed","QA Engineer","🏢 Office | 📍 Brak lokalizacji","https://www.reed.co.uk/jobs/qa-engineer/56793724?source=searchResults&filter=%2Fjobs%2Fqa-engineer-jobs-in-united-kingdom",""
"QA Engineer","","","Reed","QA Engineer","🏢 Office | 📍 Brak lokalizacji","https://www.reed.co.uk/jobs/qa-engineer/56779691?source=searchResults&filter=%2Fjobs%2Fqa-engineer-jobs-in-united-kingdom",""
"QA Engineer","","","Reed","QA Engineer","🏢 Office | 📍 Brak lokalizacji","https://www.reed.co.uk/jobs/qa-engineer/56789104?source=searchResults&filter=%2Fjobs%2Fqa-engineer-jobs-in-united-kingdom",""
"QA Engineer","","","Reed","QA Engineer","🏢 Office | 📍 Brak lokalizacji","https://www.reed.co.uk/jobs/qa-engineer/56836249?source=searchResults&filter=%2Fjobs%2Fqa-engineer-jobs-in-united-kingdom",""
"QA Automation Engineer","","","Reed","QA Engineer","🏢 Office | 📍 Brak lokalizacji","https://www.reed.co.uk/jobs/qa-automation-engineer/56848010?source=searchResults&filter=%2Fjobs%2Fqa-engineer-jobs-in-united-kingdom",""
"Quality Assurance Engineer","","","Reed","QA Engineer","🏢 Office | 📍 Brak lokalizacji","https://www.reed.co.uk/jobs/quality-assurance-engineer/56861589?source=searchResults&filter=%2Fjobs%2Fqa-engineer-jobs-in-united-kingdom",""
"QA/Test Engineer","","","Reed","QA Engineer","🏢 Office | 📍 Brak lokalizacji","https://www.reed.co.uk/jobs/qa-test-engineer/56789929?source=searchResults&filter=%2Fjobs%2Fqa-engineer-jobs-in-united-kingdom",""
"Quality Assurance Engineer","","","Reed","QA Engineer","🏢 Office | 📍 Brak lokalizacji","https://www.reed.co.uk/jobs/quality-assurance-engineer/56788684?source=searchResults&filter=%2Fjobs%2Fqa-engineer-jobs-in-united-kingdom",""
"Quality Assurance Engineer","","","Reed","QA Engineer","🏢 Office | 📍 Brak lokalizacji","https://www.reed.co.uk/jobs/quality-assurance-engineer/56817300?source=searchResults&filter=%2Fjobs%2Fqa-engineer-jobs-in-united-kingdom",""
"Software QA Engineer","","","Reed","QA Engineer","🏢 Office | 📍 Brak lokalizacji","https://www.reed.co.uk/jobs/software-qa-engineer/56878054?source=searchResults&filter=%2Fjobs%2Fqa-engineer-jobs-in-united-kingdom",""
"Performance QA Engineer","","","Reed","QA Engineer","🏢 Office | 📍 Brak lokalizacji","https://www.reed.co.uk/jobs/performance-qa-engineer/56758383?source=searchResults&filter=%2Fjobs%2Fqa-engineer-jobs-in-united-kingdom",""
"QA Engineer - ServiceNow","","","Reed","QA Engineer","🏢 Office | 📍 Brak lokalizacji","https://www.reed.co.uk/jobs/qa-engineer-servicenow/56368015?source=searchResults&filter=%2Fjobs%2Fqa-engineer-jobs-in-united-kingdom",""
"Senior Quality Assurance Engineer","","","Reed","QA Engineer","🏢 Office | 📍 Brak lokalizacji","https://www.reed.co.uk/jobs/senior-quality-assurance-engineer/56824839?source=searchResults&filter=%2Fjobs%2Fqa-engineer-jobs-in-united-kingdom",""
"Hardware/QA Test Engineer","","","Reed","QA Engineer","🏢 Office | 📍 Brak lokalizacji","https://www.reed.co.uk/jobs/hardware-qa-test-engineer/56759489?source=searchResults&filter=%2Fjobs%2Fqa-engineer-jobs-in-united-kingdom",""
"Operations Quality Assurance Engineer","","","Reed","QA Engineer","🏢 Office | 📍 Brak lokalizacji","https://www.reed.co.uk/jobs/operations-quality-assurance-engineer/56795068?source=searchResults&filter=%2Fjobs%2Fqa-engineer-jobs-in-united-kingdom",""
"Test Quality Assurance Engineer","","","Reed","QA Engineer","🏢 Office | 📍 Brak lokalizacji","https://www.reed.co.uk/jobs/test-quality-assurance-engineer/56868487?source=searchResults&filter=%2Fjobs%2Fqa-engineer-jobs-in-united-kingdom",""
"QA Engineer- Selenium Experience","","","Reed","QA Engineer","🏢 Office | 📍 Brak lokalizacji","https://www.reed.co.uk/jobs/qa-engineer-selenium-experience/56765039?source=searchResults&filter=%2Fjobs%2Fqa-engineer-jobs-in-united-kingdom",""
"Junior Automation QA Engineer","","","Reed","QA Engineer","🏢 Office | 📍 Brak lokalizacji","https://www.reed.co.uk/jobs/junior-automation-qa-engineer/56812839?source=searchResults&filter=%2Fjobs%2Fqa-engineer-jobs-in-united-kingdom",""
"QA Engineer (Automation) - Manchester","","","Reed","QA Engineer","🏢 Office | 📍 Brak lokalizacji","https://www.reed.co.uk/jobs/qa-engineer-automation-manchester/56791497?source=searchResults&filter=%2Fjobs%2Fqa-engineer-jobs-in-united-kingdom",""
"Principal Quality Assurance Engineer - Stevenage","","","Reed","QA Engineer","🏢 Office | 📍 Brak lokalizacji","https://www.reed.co.uk/jobs/principal-quality-assurance-engineer-stevenage/56752744?source=searchResults&filter=%2Fjobs%2Fqa-engineer-jobs-in-united-kingdom",""
"Principal Quality Assurance Engineer - Bolton","","","Reed","QA Engineer","🏢 Office | 📍 Brak lokalizacji","https://www.reed.co.uk/jobs/principal-quality-assurance-engineer-bolton/56752767?source=searchResults&filter=%2Fjobs%2Fqa-engineer-jobs-in-united-kingdom",""
"AI (QA) Automation Engineer","","","Reed","QA Engineer","🏢 Office | 📍 Brak lokalizacji","https://www.reed.co.uk/jobs/ai-qa-automation-engineer/56888873?source=searchResults&filter=%2Fjobs%2Fqa-engineer-jobs-in-united-kingdom",""
"Automation QA Engineer Inside IR35","","","Reed","QA Engineer","🏢 Office | 📍 Brak lokalizacji","https://www.reed.co.uk/jobs/automation-qa-engineer-inside-ir35/56902127?source=searchResults&filter=%2Fjobs%2Fqa-engineer-jobs-in-united-kingdom",""
"Manufacturing Inspector/Quality Assurance Engineer","","","Reed","QA Engineer","🏢 Office | 📍 Brak lokalizacji","https://www.reed.co.uk/jobs/manufacturing-inspector-quality-assurance-engineer/56806514?source=searchResults&filter=%2Fjobs%2Fqa-engineer-jobs-in-united-kingdom",""
"QA Automation Engineer","","","Reed","QA Automation Engineer","🏢 Office | 📍 Brak lokalizacji","https://www.reed.co.uk/jobs/qa-automation-engineer/56848010?source=searchResults&filter=%2Fjobs%2Fqa-automation-engineer-jobs-in-united-kingdom",""
"AI (QA) Automation Engineer","","","Reed","QA Automation Engineer","🏢 Office | 📍 Brak lokalizacji","https://www.reed.co.uk/jobs/ai-qa-automation-engineer/56888873?source=searchResults&filter=%2Fjobs%2Fqa-automation-engineer-jobs-in-united-kingdom",""
"Junior Automation QA Engineer","","","Reed","QA Automation Engineer","🏢 Office | 📍 Brak lokalizacji","https://www.reed.co.uk/jobs/junior-automation-qa-engineer/56812839?source=searchResults&filter=%2Fjobs%2Fqa-automation-engineer-jobs-in-united-kingdom",""
"QA Engineer (Automation) - Manchester","","","Reed","QA Automation Engineer","🏢 Office | 📍 Brak lokalizacji","https://www.reed.co.uk/jobs/qa-engineer-automation-manchester/56791497?source=searchResults&filter=%2Fjobs%2Fqa-automation-engineer-jobs-in-united-kingdom",""
"Automation QA Engineer Inside IR35","","","Reed","QA Automation Engineer","🏢 Office | 📍 Brak lokalizacji","https://www.reed.co.uk/jobs/automation-qa-engineer-inside-ir35/56902127?source=searchResults&filter=%2Fjobs%2Fqa-automation-engineer-jobs-in-united-kingdom",""
"QA Engineer","","","Reed","QA Automation Engineer","🏢 Office | 📍 Brak lokalizacji","https://www.reed.co.uk/jobs/qa-engineer/56793724?source=searchResults&filter=%2Fjobs%2Fqa-automation-engineer-jobs-in-united-kingdom",""
"QA Engineer- Selenium Experience","","","Reed","QA Automation Engineer","🏢 Office | 📍 Brak lokalizacji","https://www.reed.co.uk/jobs/qa-engineer-selenium-experience/56765039?source=searchResults&filter=%2Fjobs%2Fqa-automation-engineer-jobs-in-united-kingdom",""
"Software QA Engineer","","","Reed","QA Automation Engineer","🏢 Office | 📍 Brak lokalizacji","https://www.reed.co.uk/jobs/software-qa-engineer/56878054?source=searchResults&filter=%2Fjobs%2Fqa-automation-engineer-jobs-in-united-kingdom",""
"QA/Test Engineer","","","Reed","QA Automation Engineer","🏢 Office | 📍 Brak lokalizacji","https://www.reed.co.uk/jobs/qa-test-engineer/56789929?source=searchResults&filter=%2Fjobs%2Fqa-automation-engineer-jobs-in-united-kingdom",""
"Lead Automation Tester Engineer, C#, tyescript, Playwright","","","Reed","QA Automation Engineer","🏢 Office | 📍 Brak lokalizacji","https://www.reed.co.uk/jobs/lead-automation-tester-engineer-c-tyescript-playwright/56838448?source=searchResults&filter=%2Fjobs%2Fqa-automation-engineer-jobs-in-united-kingdom",""
"QA Engineer","","","Reed","QA Automation Engineer","🏢 Office | 📍 Brak lokalizacji","https://www.reed.co.uk/jobs/qa-engineer/56884981?source=searchResults&filter=%2Fjobs%2Fqa-automation-engineer-jobs-in-united-kingdom",""
"QA Engineer","","","Reed","QA Automation Engineer","🏢 Office | 📍 Brak lokalizacji","https://www.reed.co.uk/jobs/qa-engineer/56789104?source=searchResults&filter=%2Fjobs%2Fqa-automation-engineer-jobs-in-united-kingdom",""
"Lead Quality Engineer","","","Reed","QA Automation Engineer","🏢 Office | 📍 Brak lokalizacji","https://www.reed.co.uk/jobs/lead-quality-engineer/56812312?source=searchResults&filter=%2Fjobs%2Fqa-automation-engineer-jobs-in-united-kingdom",""
"Tester/ Full Stack Quality Engineer - Katalon, Hybrid - London","","","Reed","QA Automation Engineer","🔀 Hybrid | 📍 Brak lokalizacji","https://www.reed.co.uk/jobs/tester-full-stack-quality-engineer-katalon-hybrid-london/56782949?source=searchResults&filter=%2Fjobs%2Fqa-automation-engineer-jobs-in-united-kingdom",""
"Technical Customer Success Specialist - Graduate","","","Reed","QA Automation Engineer","🏢 Office | 📍 Brak lokalizacji","https://www.reed.co.uk/jobs/technical-customer-success-specialist-graduate/56865868?source=searchResults&filter=%2Fjobs%2Fqa-automation-engineer-jobs-in-united-kingdom",""
"Test Automation Lead","","","Reed","QA Automation Engineer","🏢 Office | 📍 Brak lokalizacji","https://www.reed.co.uk/jobs/test-automation-lead/56804787?source=searchResults&filter=%2Fjobs%2Fqa-automation-engineer-jobs-in-united-kingdom",""
"Automation Engineer","","","Reed","QA Automation Engineer","🏢 Office | 📍 Brak lokalizacji","https://www.reed.co.uk/jobs/automation-engineer/56675619?source=searchResults&filter=%2Fjobs%2Fqa-automation-engineer-jobs-in-united-kingdom",""
"Process Engineer","","","Reed","QA Automation Engineer","🏢 Office | 📍 Brak lokalizacji","https://www.reed.co.uk/jobs/process-engineer/56894260?source=searchResults&filter=%2Fjobs%2Fqa-automation-engineer-jobs-in-united-kingdom",""
"Associate (Electrical)","","","Reed","QA Automation Engineer","🏢 Office | 📍 Brak lokalizacji","https://www.reed.co.uk/jobs/associate-electrical/56819632?source=searchResults&filter=%2Fjobs%2Fqa-automation-engineer-jobs-in-united-kingdom",""
"Performance QA Engineer","","","Reed","QA Automation Engineer","🏢 Office | 📍 Brak lokalizacji","https://www.reed.co.uk/jobs/performance-qa-engineer/56758383?source=searchResults&filter=%2Fjobs%2Fqa-automation-engineer-jobs-in-united-kingdom",""
"Senior Quality Assurance Engineer","","","Reed","QA Automation Engineer","🏢 Office | 📍 Brak lokalizacji","https://www.reed.co.uk/jobs/senior-quality-assurance-engineer/56824839?source=searchResults&filter=%2Fjobs%2Fqa-automation-engineer-jobs-in-united-kingdom",""
"Senior Automation Test Analyst","","","Reed","QA Automation Engineer","🏢 Office | 📍 Brak lokalizacji","https://www.reed.co.uk/jobs/senior-automation-test-analyst/56903788?source=searchResults&filter=%2Fjobs%2Fqa-automation-engineer-jobs-in-united-kingdom",""
"AI & Digital Support Apprentice","","","Reed","QA Automation Engineer","🏢 Office | 📍 Brak lokalizacji","https://www.reed.co.uk/jobs/ai-digital-support-apprentice/56806607?source=searchResults&filter=%2Fjobs%2Fqa-automation-engineer-jobs-in-united-kingdom",""
"Quality Engineer","","","Reed","QA Automation Engineer","🏢 Office | 📍 Brak lokalizacji","https://www.reed.co.uk/jobs/quality-engineer/56812768?source=searchResults&filter=%2Fjobs%2Fqa-automation-engineer-jobs-in-united-kingdom",""
"Product Quality Engineer","","","Reed","QA Automation Engineer","🏢 Office | 📍 Brak lokalizacji","https://www.reed.co.uk/jobs/product-quality-engineer/56891537?source=searchResults&filter=%2Fjobs%2Fqa-automation-engineer-jobs-in-united-kingdom",""
"Senior Test Automation Engineer (Data)","","","Reed","Test Automation Engineer","🏢 Office | 📍 Brak lokalizacji","https://www.reed.co.uk/jobs/senior-test-automation-engineer-data/56778238?source=searchResults&filter=%2Fjobs%2Ftest-automation-engineer-jobs-in-united-kingdom",""
"Test Automation Lead","","","Reed","Test Automation Engineer","🏢 Office | 📍 Brak lokalizacji","https://www.reed.co.uk/jobs/test-automation-lead/56804787?source=searchResults&filter=%2Fjobs%2Ftest-automation-engineer-jobs-in-united-kingdom",""
"SC Cleared - Automation Test Engineer","","","Reed","Test Automation Engineer","🏢 Office | 📍 Brak lokalizacji","https://www.reed.co.uk/jobs/sc-cleared-automation-test-engineer/56864595?source=searchResults&filter=%2Fjobs%2Ftest-automation-engineer-jobs-in-united-kingdom",""
"Test Engineer- 3-6 month contract","","","Reed","Test Automation Engineer","🏢 Office | 📍 Brak lokalizacji","https://www.reed.co.uk/jobs/test-engineer-3-6-month-contract/56811942?source=searchResults&filter=%2Fjobs%2Ftest-automation-engineer-jobs-in-united-kingdom",""
"Senior Automation Test Analyst","","","Reed","Test Automation Engineer","🏢 Office | 📍 Brak lokalizacji","https://www.reed.co.uk/jobs/senior-automation-test-analyst/56903788?source=searchResults&filter=%2Fjobs%2Ftest-automation-engineer-jobs-in-united-kingdom",""
"Automation Engineer","","","Reed","Test Automation Engineer","🏢 Office | 📍 Brak lokalizacji","https://www.reed.co.uk/jobs/automation-engineer/56675619?source=searchResults&filter=%2Fjobs%2Ftest-automation-engineer-jobs-in-united-kingdom",""
"NPI Test Engineer","","","Reed","Test Automation Engineer","🏢 Office | 📍 Brak lokalizacji","https://www.reed.co.uk/jobs/npi-test-engineer/56877145?source=searchResults&filter=%2Fjobs%2Ftest-automation-engineer-jobs-in-united-kingdom",""
"Warehouse Automation Maintenance Engineer","","","Reed","Test Automation Engineer","🏢 Office | 📍 Brak lokalizacji","https://www.reed.co.uk/jobs/warehouse-automation-maintenance-engineer/56838652?source=searchResults&filter=%2Fjobs%2Ftest-automation-engineer-jobs-in-united-kingdom",""
"Automation Analyst","","","Reed","Test Automation Engineer","🏢 Office | 📍 Brak lokalizacji","https://www.reed.co.uk/jobs/automation-analyst/56880337?source=searchResults&filter=%2Fjobs%2Ftest-automation-engineer-jobs-in-united-kingdom",""
"QA Automation Engineer","","","Reed","Test Automation Engineer","🏢 Office | 📍 Brak lokalizacji","https://www.reed.co.uk/jobs/qa-automation-engineer/56848010?source=searchResults&filter=%2Fjobs%2Ftest-automation-engineer-jobs-in-united-kingdom",""
"Automation Engineer - Pharmaceutical","","","Reed","Test Automation Engineer","🏢 Office | 📍 Brak lokalizacji","https://www.reed.co.uk/jobs/automation-engineer-pharmaceutical/56888900?source=searchResults&filter=%2Fjobs%2Ftest-automation-engineer-jobs-in-united-kingdom",""
"Junior Automation QA Engineer","","","Reed","Test Automation Engineer","🏢 Office | 📍 Brak lokalizacji","https://www.reed.co.uk/jobs/junior-automation-qa-engineer/56812839?source=searchResults&filter=%2Fjobs%2Ftest-automation-engineer-jobs-in-united-kingdom",""
"QA Engineer (Automation) - Manchester","","","Reed","Test Automation Engineer","🏢 Office | 📍 Brak lokalizacji","https://www.reed.co.uk/jobs/qa-engineer-automation-manchester/56791497?source=searchResults&filter=%2Fjobs%2Ftest-automation-engineer-jobs-in-united-kingdom",""
"Lead Automation Tester Engineer, C#, tyescript, Playwright","","","Reed","Test Automation Engineer","🏢 Office | 📍 Brak lokalizacji","https://www.reed.co.uk/jobs/lead-automation-tester-engineer-c-tyescript-playwright/56838448?source=searchResults&filter=%2Fjobs%2Ftest-automation-engineer-jobs-in-united-kingdom",""
"Software Test Engineer","","","Reed","Test Automation Engineer","🏢 Office | 📍 Brak lokalizacji","https://www.reed.co.uk/jobs/software-test-engineer/56888287?source=searchResults&filter=%2Fjobs%2Ftest-automation-engineer-jobs-in-united-kingdom",""
"Software Test Engineer","","","Reed","Test Automation Engineer","🏢 Office | 📍 Brak lokalizacji","https://www.reed.co.uk/jobs/software-test-engineer/56840898?source=searchResults&filter=%2Fjobs%2Ftest-automation-engineer-jobs-in-united-kingdom",""
"Automation Tester - Data","","","Reed","Test Automation Engineer","🏢 Office | 📍 Brak lokalizacji","https://www.reed.co.uk/jobs/automation-tester-data/56872864?source=searchResults&filter=%2Fjobs%2Ftest-automation-engineer-jobs-in-united-kingdom",""
"Test Engineer","","","Reed","Test Automation Engineer","🏢 Office | 📍 Brak lokalizacji","https://www.reed.co.uk/jobs/test-engineer/56911082?source=searchResults&filter=%2Fjobs%2Ftest-automation-engineer-jobs-in-united-kingdom",""
"Test Development Engineer","","","Reed","Test Automation Engineer","🏢 Office | 📍 Brak lokalizacji","https://www.reed.co.uk/jobs/test-development-engineer/56817667?source=searchResults&filter=%2Fjobs%2Ftest-automation-engineer-jobs-in-united-kingdom",""
"Software Development Engineer in Test","","","Reed","Test Automation Engineer","🏢 Office | 📍 Brak lokalizacji","https://www.reed.co.uk/jobs/software-development-engineer-in-test/56831121?source=searchResults&filter=%2Fjobs%2Ftest-automation-engineer-jobs-in-united-kingdom",""
"Automation QA Engineer Inside IR35","","","Reed","Test Automation Engineer","🏢 Office | 📍 Brak lokalizacji","https://www.reed.co.uk/jobs/automation-qa-engineer-inside-ir35/56902127?source=searchResults&filter=%2Fjobs%2Ftest-automation-engineer-jobs-in-united-kingdom",""
"QA/Test Engineer","","","Reed","Test Automation Engineer","🏢 Office | 📍 Brak lokalizacji","https://www.reed.co.uk/jobs/qa-test-engineer/56789929?source=searchResults&filter=%2Fjobs%2Ftest-automation-engineer-jobs-in-united-kingdom",""
"Senior Software Engineer (Test)","","","Reed","Test Automation Engineer","🏢 Office | 📍 Brak lokalizacji","https://www.reed.co.uk/jobs/senior-software-engineer-test/56758314?source=searchResults&filter=%2Fjobs%2Ftest-automation-engineer-jobs-in-united-kingdom",""
"Lead Test Engineer – 12 month – SC Cleared – Manchester","","","Reed","Test Automation Engineer","🏢 Office | 📍 Brak lokalizacji","https://www.reed.co.uk/jobs/lead-test-engineer--12-month--sc-cleared--manchester/56876926?source=searchResults&filter=%2Fjobs%2Ftest-automation-engineer-jobs-in-united-kingdom",""
"Test Engineer","","","Reed","Test Automation Engineer","🏢 Office | 📍 Brak lokalizacji","https://www.reed.co.uk/jobs/test-engineer/56887525?source=searchResults&filter=%2Fjobs%2Ftest-automation-engineer-jobs-in-united-kingdom",""
"Principal SDET/SEIT","","","Reed","SDET","🏢 Office | 📍 Brak lokalizacji","https://www.reed.co.uk/jobs/principal-sdet-seit/56840805?source=searchResults&filter=%2Fjobs%2Fsdet-jobs-in-united-kingdom",""
"SIEM Engineer","","","Reed","SDET","🏢 Office | 📍 Brak lokalizacji","https://www.reed.co.uk/jobs/siem-engineer/56822589?source=searchResults&filter=%2Fjobs%2Fsdet-jobs-in-united-kingdom",""
"QA Test Lead","","","Reed","SDET","🏢 Office | 📍 Brak lokalizacji","https://www.reed.co.uk/jobs/qa-test-lead/56821661?source=searchResults&filter=%2Fjobs%2Fsdet-jobs-in-united-kingdom",""
"QA Automation Engineer","","","Reed","SDET","🏢 Office | 📍 Brak lokalizacji","https://www.reed.co.uk/jobs/qa-automation-engineer/56848010?source=searchResults&filter=%2Fjobs%2Fsdet-jobs-in-united-kingdom",""
"SDR FPGA Engineer","","","Reed","SDET","🏢 Office | 📍 Brak lokalizacji","https://www.reed.co.uk/jobs/sdr-fpga-engineer/56893318?source=searchResults&filter=%2Fjobs%2Fsdet-jobs-in-united-kingdom",""
"QA Engineer- Selenium Experience","","","Reed","SDET","🏢 Office | 📍 Brak lokalizacji","https://www.reed.co.uk/jobs/qa-engineer-selenium-experience/56765039?source=searchResults&filter=%2Fjobs%2Fsdet-jobs-in-united-kingdom",""
"DevOps Tester (SC Cleared)","","","Reed","SDET","🏢 Office | 📍 Brak lokalizacji","https://www.reed.co.uk/jobs/devops-tester-sc-cleared/56815635?source=searchResults&filter=%2Fjobs%2Fsdet-jobs-in-united-kingdom",""
"QA Automation Architect","","","Reed","SDET","🏢 Office | 📍 Brak lokalizacji","https://www.reed.co.uk/jobs/qa-automation-architect/56754689?source=searchResults&filter=%2Fjobs%2Fsdet-jobs-in-united-kingdom",""
"DevOps Tester","","","Reed","SDET","🏢 Office | 📍 Brak lokalizacji","https://www.reed.co.uk/jobs/devops-tester/56784029?source=searchResults&filter=%2Fjobs%2Fsdet-jobs-in-united-kingdom",""
"Software Automation QA","","","Reed","SDET","🏢 Office | 📍 Brak lokalizacji","https://www.reed.co.uk/jobs/software-automation-qa/56863180?source=searchResults&filter=%2Fjobs%2Fsdet-jobs-in-united-kingdom",""
"Software Automation QA","","","Reed","SDET","🏢 Office | 📍 Brak lokalizacji","https://www.reed.co.uk/jobs/software-automation-qa/56890356?source=searchResults&filter=%2Fjobs%2Fsdet-jobs-in-united-kingdom",""
"Software Automation QA","","","Reed","SDET","🏢 Office | 📍 Brak lokalizacji","https://www.reed.co.uk/jobs/software-automation-qa/56836529?source=searchResults&filter=%2Fjobs%2Fsdet-jobs-in-united-kingdom",""
"Software Automation QA","","","Reed","SDET","🏢 Office | 📍 Brak lokalizacji","https://www.reed.co.uk/jobs/software-automation-qa/56813259?source=searchResults&filter=%2Fjobs%2Fsdet-jobs-in-united-kingdom",""
"SDR Manager - Team of 8 - SAAS Fintech -Slough","","","Reed","SDET","🏢 Office | 📍 Brak lokalizacji","https://www.reed.co.uk/jobs/sdr-manager-team-of-8-saas-fintech-slough/56905611?source=searchResults&filter=%2Fjobs%2Fsdet-jobs-in-united-kingdom",""
"CREST Penetration Tester","","","Reed","SDET","🏢 Office | 📍 Brak lokalizacji","https://www.reed.co.uk/jobs/crest-penetration-tester/56872382?source=searchResults&filter=%2Fjobs%2Fsdet-jobs-in-united-kingdom",""
"Test Development Engineer","","","Reed","SDET","🏢 Office | 📍 Brak lokalizacji","https://www.reed.co.uk/jobs/test-development-engineer/56722326?source=searchResults&filter=%2Fjobs%2Fsdet-jobs-in-united-kingdom",""
"Test Development Engineer","","","Reed","SDET","🏢 Office | 📍 Brak lokalizacji","https://www.reed.co.uk/jobs/test-development-engineer/56817667?source=searchResults&filter=%2Fjobs%2Fsdet-jobs-in-united-kingdom",""
"Test Lead with Active SC Clearance - London/Corsham, UK","","","Reed","SDET","🏢 Office | 📍 Brak lokalizacji","https://www.reed.co.uk/jobs/test-lead-with-active-sc-clearance-london-corsham-uk/56818623?source=searchResults&filter=%2Fjobs%2Fsdet-jobs-in-united-kingdom",""
"Hardware/QA Test Engineer","","","Reed","SDET","🏢 Office | 📍 Brak lokalizacji","https://www.reed.co.uk/jobs/hardware-qa-test-engineer/56759489?source=searchResults&filter=%2Fjobs%2Fsdet-jobs-in-united-kingdom",""
"Senior Penetration Tester","","","Reed","SDET","🏢 Office | 📍 Brak lokalizacji","https://www.reed.co.uk/jobs/senior-penetration-tester/56858032?source=searchResults&filter=%2Fjobs%2Fsdet-jobs-in-united-kingdom",""
"DevSecOps","","","Reed","SDET","🏢 Office | 📍 Brak lokalizacji","https://www.reed.co.uk/jobs/devsecops/56843240?source=searchResults&filter=%2Fjobs%2Fsdet-jobs-in-united-kingdom",""
"SC Cleared Tester","","","Reed","SDET","🏢 Office | 📍 Brak lokalizacji","https://www.reed.co.uk/jobs/sc-cleared-tester/56852462?source=searchResults&filter=%2Fjobs%2Fsdet-jobs-in-united-kingdom",""
"Performance QA Engineer","","","Reed","SDET","🏢 Office | 📍 Brak lokalizacji","https://www.reed.co.uk/jobs/performance-qa-engineer/56758383?source=searchResults&filter=%2Fjobs%2Fsdet-jobs-in-united-kingdom",""
"SRE | Bristol | Cyber-tech Scale Up | £90-105k","","","Reed","SDET","🏢 Office | 📍 Brak lokalizacji","https://www.reed.co.uk/jobs/sre--bristol--cyber-tech-scale-up--90-105k/56886024?source=searchResults&filter=%2Fjobs%2Fsdet-jobs-in-united-kingdom",""
"Software QA Engineer","","","Reed","SDET","🏢 Office | 📍 Brak lokalizacji","https://www.reed.co.uk/jobs/software-qa-engineer/56878054?source=searchResults&filter=%2Fjobs%2Fsdet-jobs-in-united-kingdom",""
"Senior Software Engineer (Test)","","","Reed","Software Engineer in Test","🏢 Office | 📍 Brak lokalizacji","https://www.reed.co.uk/jobs/senior-software-engineer-test/56758314?source=searchResults&filter=%2Fjobs%2Fsoftware-engineer-in-test-jobs-in-united-kingdom",""
"Senior Test Software Engineer","","","Reed","Software Engineer in Test","🏢 Office | 📍 Brak lokalizacji","https://www.reed.co.uk/jobs/senior-test-software-engineer/56829834?source=searchResults&filter=%2Fjobs%2Fsoftware-engineer-in-test-jobs-in-united-kingdom",""
"Software Development Engineer in Test","","","Reed","Software Engineer in Test","🏢 Office | 📍 Brak lokalizacji","https://www.reed.co.uk/jobs/software-development-engineer-in-test/56831121?source=searchResults&filter=%2Fjobs%2Fsoftware-engineer-in-test-jobs-in-united-kingdom",""
"ADA Software Engineer","","","Reed","Software Engineer in Test","🏢 Office | 📍 Brak lokalizacji","https://www.reed.co.uk/jobs/ada-software-engineer/56861138?source=searchResults&filter=%2Fjobs%2Fsoftware-engineer-in-test-jobs-in-united-kingdom",""
"Software Applications Engineer","","","Reed","Software Engineer in Test","🏢 Office | 📍 Brak lokalizacji","https://www.reed.co.uk/jobs/software-applications-engineer/56852363?source=searchResults&filter=%2Fjobs%2Fsoftware-engineer-in-test-jobs-in-united-kingdom",""
"Senior Software Engineer","","","Reed","Software Engineer in Test","🏢 Office | 📍 Brak lokalizacji","https://www.reed.co.uk/jobs/senior-software-engineer/56867019?source=searchResults&filter=%2Fjobs%2Fsoftware-engineer-in-test-jobs-in-united-kingdom",""
"PHP Engineer","","","Reed","Software Engineer in Test","🏢 Office | 📍 Brak lokalizacji","https://www.reed.co.uk/jobs/php-engineer/56863040?source=searchResults&filter=%2Fjobs%2Fsoftware-engineer-in-test-jobs-in-united-kingdom",""
"Senior Software Developer","","","Reed","Software Engineer in Test","🏢 Office | 📍 Brak lokalizacji","https://www.reed.co.uk/jobs/senior-software-developer/56904263?source=searchResults&filter=%2Fjobs%2Fsoftware-engineer-in-test-jobs-in-united-kingdom",""
"Senior Software Engineer","","","Reed","Software Engineer in Test","🏢 Office | 📍 Brak lokalizacji","https://www.reed.co.uk/jobs/senior-software-engineer/56864801?source=searchResults&filter=%2Fjobs%2Fsoftware-engineer-in-test-jobs-in-united-kingdom",""
"Graduate Full Stack Software Engineer","","","Reed","Software Engineer in Test","🏢 Office | 📍 Brak lokalizacji","https://www.reed.co.uk/jobs/graduate-full-stack-software-engineer/56787007?source=searchResults&filter=%2Fjobs%2Fsoftware-engineer-in-test-jobs-in-united-kingdom",""
"Electronics Project Engineer","","","Reed","Software Engineer in Test","🏢 Office | 📍 Brak lokalizacji","https://www.reed.co.uk/jobs/electronics-project-engineer/56832555?source=searchResults&filter=%2Fjobs%2Fsoftware-engineer-in-test-jobs-in-united-kingdom",""
"Software Engineer","","","Reed","Software Engineer in Test","🏢 Office | 📍 Brak lokalizacji","https://www.reed.co.uk/jobs/software-engineer/56865105?source=searchResults&filter=%2Fjobs%2Fsoftware-engineer-in-test-jobs-in-united-kingdom",""
"Senior Software Developer","","","Reed","Software Engineer in Test","🏢 Office | 📍 Brak lokalizacji","https://www.reed.co.uk/jobs/senior-software-developer/56888450?source=searchResults&filter=%2Fjobs%2Fsoftware-engineer-in-test-jobs-in-united-kingdom",""
"Senior Software Engineer","","","Reed","Software Engineer in Test","🏢 Office | 📍 Brak lokalizacji","https://www.reed.co.uk/jobs/senior-software-engineer/55768379?source=searchResults&filter=%2Fjobs%2Fsoftware-engineer-in-test-jobs-in-united-kingdom",""
"Software Developer Apprentice","","","Reed","Software Engineer in Test","🏢 Office | 📍 Brak lokalizacji","https://www.reed.co.uk/jobs/software-developer-apprentice/56813539?source=searchResults&filter=%2Fjobs%2Fsoftware-engineer-in-test-jobs-in-united-kingdom",""
"Lead Software Engineer","","","Reed","Software Engineer in Test","🏢 Office | 📍 Brak lokalizacji","https://www.reed.co.uk/jobs/lead-software-engineer/56893012?source=searchResults&filter=%2Fjobs%2Fsoftware-engineer-in-test-jobs-in-united-kingdom",""
"Senior Software Engineer","","","Reed","Software Engineer in Test","🏢 Office | 📍 Brak lokalizacji","https://www.reed.co.uk/jobs/senior-software-engineer/56817566?source=searchResults&filter=%2Fjobs%2Fsoftware-engineer-in-test-jobs-in-united-kingdom",""
"Senior Software Developer","","","Reed","Software Engineer in Test","🏢 Office | 📍 Brak lokalizacji","https://www.reed.co.uk/jobs/senior-software-developer/56782846?source=searchResults&filter=%2Fjobs%2Fsoftware-engineer-in-test-jobs-in-united-kingdom",""
"Delivery Manager (Software)","","","Reed","Software Engineer in Test","🏢 Office | 📍 Brak lokalizacji","https://www.reed.co.uk/jobs/delivery-manager-software/56878082?source=searchResults&filter=%2Fjobs%2Fsoftware-engineer-in-test-jobs-in-united-kingdom",""
"Software Engineer","","","Reed","Software Engineer in Test","🏢 Office | 📍 Brak lokalizacji","https://www.reed.co.uk/jobs/software-engineer/56791506?source=searchResults&filter=%2Fjobs%2Fsoftware-engineer-in-test-jobs-in-united-kingdom",""
"Software Engineer","","","Reed","Software Engineer in Test","🏢 Office | 📍 Brak lokalizacji","https://www.reed.co.uk/jobs/software-engineer/56791500?source=searchResults&filter=%2Fjobs%2Fsoftware-engineer-in-test-jobs-in-united-kingdom",""
"Software Engineer","","","Reed","Software Engineer in Test","🏢 Office | 📍 Brak lokalizacji","https://www.reed.co.uk/jobs/software-engineer/56799509?source=searchResults&filter=%2Fjobs%2Fsoftware-engineer-in-test-jobs-in-united-kingdom",""
"Mechanical Engineer","","","Reed","Software Engineer in Test","🏢 Office | 📍 Brak lokalizacji","https://www.reed.co.uk/jobs/mechanical-engineer/56817766?source=searchResults&filter=%2Fjobs%2Fsoftware-engineer-in-test-jobs-in-united-kingdom",""
"Software Engineer","","","Reed","Software Engineer in Test","🏢 Office | 📍 Brak lokalizacji","https://www.reed.co.uk/jobs/software-engineer/56842903?source=searchResults&filter=%2Fjobs%2Fsoftware-engineer-in-test-jobs-in-united-kingdom",""
"Embedded Software Verification and Validation Engineer","","","Reed","Software Engineer in Test","🏢 Office | 📍 Brak lokalizacji","https://www.reed.co.uk/jobs/embedded-software-verification-and-validation-engineer/56619428?source=searchResults&filter=%2Fjobs%2Fsoftware-engineer-in-test-jobs-in-united-kingdom",""
"NPI Test Engineer","","","Reed","Test Engineer","🏢 Office | 📍 Brak lokalizacji","https://www.reed.co.uk/jobs/npi-test-engineer/56877145?source=searchResults&filter=%2Fjobs%2Ftest-engineer-jobs-in-united-kingdom",""
"Test Engineer","","","Reed","Test Engineer","🏢 Office | 📍 Brak lokalizacji","https://www.reed.co.uk/jobs/test-engineer/56911082?source=searchResults&filter=%2Fjobs%2Ftest-engineer-jobs-in-united-kingdom",""
"Test Engineer","","","Reed","Test Engineer","🏢 Office | 📍 Brak lokalizacji","https://www.reed.co.uk/jobs/test-engineer/56852380?source=searchResults&filter=%2Fjobs%2Ftest-engineer-jobs-in-united-kingdom",""
"Test Engineer","","","Reed","Test Engineer","🏢 Office | 📍 Brak lokalizacji","https://www.reed.co.uk/jobs/test-engineer/56887525?source=searchResults&filter=%2Fjobs%2Ftest-engineer-jobs-in-united-kingdom",""
"Test Engineer","","","Reed","Test Engineer","🏢 Office | 📍 Brak lokalizacji","https://www.reed.co.uk/jobs/test-engineer/56837052?source=searchResults&filter=%2Fjobs%2Ftest-engineer-jobs-in-united-kingdom",""
"Test Engineer","","","Reed","Test Engineer","🏢 Office | 📍 Brak lokalizacji","https://www.reed.co.uk/jobs/test-engineer/56873115?source=searchResults&filter=%2Fjobs%2Ftest-engineer-jobs-in-united-kingdom",""
"Test Engineer","","","Reed","Test Engineer","🏢 Office | 📍 Brak lokalizacji","https://www.reed.co.uk/jobs/test-engineer/56789437?source=searchResults&filter=%2Fjobs%2Ftest-engineer-jobs-in-united-kingdom",""
"Test Engineer","","","Reed","Test Engineer","🏢 Office | 📍 Brak lokalizacji","https://www.reed.co.uk/jobs/test-engineer/56868490?source=searchResults&filter=%2Fjobs%2Ftest-engineer-jobs-in-united-kingdom",""
"Test Engineer","","","Reed","Test Engineer","🏢 Office | 📍 Brak lokalizacji","https://www.reed.co.uk/jobs/test-engineer/56904583?source=searchResults&filter=%2Fjobs%2Ftest-engineer-jobs-in-united-kingdom",""
"Test Engineer","","","Reed","Test Engineer","🏢 Office | 📍 Brak lokalizacji","https://www.reed.co.uk/jobs/test-engineer/56824230?source=searchResults&filter=%2Fjobs%2Ftest-engineer-jobs-in-united-kingdom",""
"Test Engineer","","","Reed","Test Engineer","🏢 Office | 📍 Brak lokalizacji","https://www.reed.co.uk/jobs/test-engineer/56778791?source=searchResults&filter=%2Fjobs%2Ftest-engineer-jobs-in-united-kingdom",""
"Test Engineer","","","Reed","Test Engineer","🏢 Office | 📍 Brak lokalizacji","https://www.reed.co.uk/jobs/test-engineer/56906046?source=searchResults&filter=%2Fjobs%2Ftest-engineer-jobs-in-united-kingdom",""
"Senior Test Engineer","","","Reed","Test Engineer","🏢 Office | 📍 Brak lokalizacji","https://www.reed.co.uk/jobs/senior-test-engineer/56834983?source=searchResults&filter=%2Fjobs%2Ftest-engineer-jobs-in-united-kingdom",""
"Production Test Engineer","","","Reed","Test Engineer","🏢 Office | 📍 Brak lokalizacji","https://www.reed.co.uk/jobs/production-test-engineer/56773660?source=searchResults&filter=%2Fjobs%2Ftest-engineer-jobs-in-united-kingdom",""
"Manufacturing Test Engineer","","","Reed","Test Engineer","🏢 Office | 📍 Brak lokalizacji","https://www.reed.co.uk/jobs/manufacturing-test-engineer/56722191?source=searchResults&filter=%2Fjobs%2Ftest-engineer-jobs-in-united-kingdom",""
"Software Test Engineer","","","Reed","Test Engineer","🏢 Office | 📍 Brak lokalizacji","https://www.reed.co.uk/jobs/software-test-engineer/56888287?source=searchResults&filter=%2Fjobs%2Ftest-engineer-jobs-in-united-kingdom",""
"Manufacturing Test Engineer","","","Reed","Test Engineer","🏢 Office | 📍 Brak lokalizacji","https://www.reed.co.uk/jobs/manufacturing-test-engineer/56790162?source=searchResults&filter=%2Fjobs%2Ftest-engineer-jobs-in-united-kingdom",""
"Manufacturing Test Engineer","","","Reed","Test Engineer","🏢 Office | 📍 Brak lokalizacji","https://www.reed.co.uk/jobs/manufacturing-test-engineer/56815486?source=searchResults&filter=%2Fjobs%2Ftest-engineer-jobs-in-united-kingdom",""
"Electronic Test Engineer","","","Reed","Test Engineer","🏢 Office | 📍 Brak lokalizacji","https://www.reed.co.uk/jobs/electronic-test-engineer/56831561?source=searchResults&filter=%2Fjobs%2Ftest-engineer-jobs-in-united-kingdom",""
"Software Test Engineer","","","Reed","Test Engineer","🏢 Office | 📍 Brak lokalizacji","https://www.reed.co.uk/jobs/software-test-engineer/56840898?source=searchResults&filter=%2Fjobs%2Ftest-engineer-jobs-in-united-kingdom",""
"Transducer Test Engineer","","","Reed","Test Engineer","🏢 Office | 📍 Brak lokalizacji","https://www.reed.co.uk/jobs/transducer-test-engineer/56773040?source=searchResults&filter=%2Fjobs%2Ftest-engineer-jobs-in-united-kingdom",""
"Electronics Test Engineer","","","Reed","Test Engineer","🏢 Office | 📍 Brak lokalizacji","https://www.reed.co.uk/jobs/electronics-test-engineer/56897817?source=searchResults&filter=%2Fjobs%2Ftest-engineer-jobs-in-united-kingdom",""
"Software Test Engineer","","","Reed","Test Engineer","🏢 Office | 📍 Brak lokalizacji","https://www.reed.co.uk/jobs/software-test-engineer/56892387?source=searchResults&filter=%2Fjobs%2Ftest-engineer-jobs-in-united-kingdom",""
"Electronics Test Engineer","","","Reed","Test Engineer","🏢 Office | 📍 Brak lokalizacji","https://www.reed.co.uk/jobs/electronics-test-engineer/56864741?source=searchResults&filter=%2Fjobs%2Ftest-engineer-jobs-in-united-kingdom",""
"Electronics Test Engineer","","","Reed","Test Engineer","🏢 Office | 📍 Brak lokalizacji","https://www.reed.co.uk/jobs/electronics-test-engineer/56788513?source=searchResults&filter=%2Fjobs%2Ftest-engineer-jobs-in-united-kingdom",""
"QA Test Lead","","","Reed","QA Lead","🏢 Office | 📍 Brak lokalizacji","https://www.reed.co.uk/jobs/qa-test-lead/56821661?source=searchResults&filter=%2Fjobs%2Fqa-lead-jobs-in-united-kingdom",""
"Software QA Lead","","","Reed","QA Lead","🏢 Office | 📍 Brak lokalizacji","https://www.reed.co.uk/jobs/software-qa-lead/56848224?source=searchResults&filter=%2Fjobs%2Fqa-lead-jobs-in-united-kingdom",""
"Quality Assurance Process Lead","","","Reed","QA Lead","🏢 Office | 📍 Brak lokalizacji","https://www.reed.co.uk/jobs/quality-assurance-process-lead/56911318?source=searchResults&filter=%2Fjobs%2Fqa-lead-jobs-in-united-kingdom",""
"Quality Assurance Process Lead","","","Reed","QA Lead","🏢 Office | 📍 Brak lokalizacji","https://www.reed.co.uk/jobs/quality-assurance-process-lead/56911257?source=searchResults&filter=%2Fjobs%2Fqa-lead-jobs-in-united-kingdom",""
"Quality Assurance Process Lead","","","Reed","QA Lead","🏢 Office | 📍 Brak lokalizacji","https://www.reed.co.uk/jobs/quality-assurance-process-lead/56911327?source=searchResults&filter=%2Fjobs%2Fqa-lead-jobs-in-united-kingdom",""
"Quality Assurance Process Lead","","","Reed","QA Lead","🏢 Office | 📍 Brak lokalizacji","https://www.reed.co.uk/jobs/quality-assurance-process-lead/56911278?source=searchResults&filter=%2Fjobs%2Fqa-lead-jobs-in-united-kingdom",""
"Quality Assurance Process Lead","","","Reed","QA Lead","🏢 Office | 📍 Brak lokalizacji","https://www.reed.co.uk/jobs/quality-assurance-process-lead/56911247?source=searchResults&filter=%2Fjobs%2Fqa-lead-jobs-in-united-kingdom",""
"QA Supervisor/ QC Manager","","","Reed","QA Lead","🏢 Office | 📍 Brak lokalizacji","https://www.reed.co.uk/jobs/qa-supervisor-qc-manager/56791456?source=searchResults&filter=%2Fjobs%2Fqa-lead-jobs-in-united-kingdom",""
"Quality Team Leader - Supplier Pillar","","","Reed","QA Lead","🏢 Office | 📍 Brak lokalizacji","https://www.reed.co.uk/jobs/quality-team-leader-supplier-pillar/56793626?source=searchResults&filter=%2Fjobs%2Fqa-lead-jobs-in-united-kingdom",""
"Lead Internal Quality Assurer","","","Reed","QA Lead","🏢 Office | 📍 Brak lokalizacji","https://www.reed.co.uk/jobs/lead-internal-quality-assurer/56852440?source=searchResults&filter=%2Fjobs%2Fqa-lead-jobs-in-united-kingdom",""
"Lead AI Red Teaming & QA Engineer","","","Reed","QA Lead","🏢 Office | 📍 Brak lokalizacji","https://www.reed.co.uk/jobs/lead-ai-red-teaming-qa-engineer/56912145?source=searchResults&filter=%2Fjobs%2Fqa-lead-jobs-in-united-kingdom",""
"Contract QA Consultant","","","Reed","QA Lead","🏢 Office | 📍 Brak lokalizacji","https://www.reed.co.uk/jobs/contract-qa-consultant/56796290?source=searchResults&filter=%2Fjobs%2Fqa-lead-jobs-in-united-kingdom",""
"Test Lead","","","Reed","QA Lead","🏢 Office | 📍 Brak lokalizacji","https://www.reed.co.uk/jobs/test-lead/56689532?source=searchResults&filter=%2Fjobs%2Fqa-lead-jobs-in-united-kingdom",""
"QA Officer","","","Reed","QA Lead","🏢 Office | 📍 Brak lokalizacji","https://www.reed.co.uk/jobs/qa-officer/56792905?source=searchResults&filter=%2Fjobs%2Fqa-lead-jobs-in-united-kingdom",""
"QA Officer","","","Reed","QA Lead","🏢 Office | 📍 Brak lokalizacji","https://www.reed.co.uk/jobs/qa-officer/56792518?source=searchResults&filter=%2Fjobs%2Fqa-lead-jobs-in-united-kingdom",""
"QA Officer","","","Reed","QA Lead","🏢 Office | 📍 Brak lokalizacji","https://www.reed.co.uk/jobs/qa-officer/56792637?source=searchResults&filter=%2Fjobs%2Fqa-lead-jobs-in-united-kingdom",""
"Quality Assurance Supervisor","","","Reed","QA Lead","🏢 Office | 📍 Brak lokalizacji","https://www.reed.co.uk/jobs/quality-assurance-supervisor/56812931?source=searchResults&filter=%2Fjobs%2Fqa-lead-jobs-in-united-kingdom",""
"Quality Assurance Analyst","","","Reed","QA Lead","🏢 Office | 📍 Brak lokalizacji","https://www.reed.co.uk/jobs/quality-assurance-analyst/56711570?source=searchResults&filter=%2Fjobs%2Fqa-lead-jobs-in-united-kingdom",""
"Quality Assurance Specialist","","","Reed","QA Lead","🏢 Office | 📍 Brak lokalizacji","https://www.reed.co.uk/jobs/quality-assurance-specialist/56843359?source=searchResults&filter=%2Fjobs%2Fqa-lead-jobs-in-united-kingdom",""
"QA Auditor","","","Reed","QA Lead","🏢 Office | 📍 Brak lokalizacji","https://www.reed.co.uk/jobs/qa-auditor/56839922?source=searchResults&filter=%2Fjobs%2Fqa-lead-jobs-in-united-kingdom",""
"Test Lead","","","Reed","QA Lead","🏢 Office | 📍 Brak lokalizacji","https://www.reed.co.uk/jobs/test-lead/56878121?source=searchResults&filter=%2Fjobs%2Fqa-lead-jobs-in-united-kingdom",""
"Quality Assurance Manager - FMCG Manufacturing","","","Reed","QA Lead","🏢 Office | 📍 Brak lokalizacji","https://www.reed.co.uk/jobs/quality-assurance-manager-fmcg-manufacturing/56887030?source=searchResults&filter=%2Fjobs%2Fqa-lead-jobs-in-united-kingdom",""
"QA Manager","","","Reed","QA Lead","🏢 Office | 📍 Brak lokalizacji","https://www.reed.co.uk/jobs/qa-manager/56898188?source=searchResults&filter=%2Fjobs%2Fqa-lead-jobs-in-united-kingdom",""
"Quality Zone Manager","","","Reed","QA Lead","🏢 Office | 📍 Brak lokalizacji","https://www.reed.co.uk/jobs/quality-zone-manager/56850874?source=searchResults&filter=%2Fjobs%2Fqa-lead-jobs-in-united-kingdom",""
"QA Manager / QA Supervisor (Food Manufacturing)","","","Reed","QA Lead","🏢 Office | 📍 Brak lokalizacji","https://www.reed.co.uk/jobs/qa-manager-qa-supervisor-food-manufacturing/56895626?source=searchResults&filter=%2Fjobs%2Fqa-lead-jobs-in-united-kingdom",""
"Senior Delivery Consultant","Oliver George Consulting Limited","Bristol, South West England","Adzuna (TotalJobs+)","Software QA Engineer","🏢 Office | 🚗 1h 51min | 🚌 ~2h 35min 💾","https://www.adzuna.co.uk/jobs/details/5726908992?utm_medium=api&utm_source=fec81443","2026-05-12"
"AI Tester","SmartSearch","West Yorkshire, Yorkshire And The Humber","Adzuna (TotalJobs+)","Software QA Engineer","🏢 Office | 🚗 1h 43min | 🚌 ~2h 24min 💾","https://www.adzuna.co.uk/jobs/details/5725975235?utm_medium=api&utm_source=fec81443","2026-05-11"
"C++ / C# Software Developer","The Recruitment Bureau  Ltd","Northampton, Northamptonshire","Adzuna (TotalJobs+)","Software QA Engineer","🏢 Office | 🚗 2h 30min ❌ | 🚌 ~3h 30min","https://www.adzuna.co.uk/jobs/land/ad/5725376521?se=qvb2op1S8RGDpJGDu34ZFQ&utm_medium=api&utm_source=fec81443&v=B65400A52EB0BB31F1235458B36EC27BC1742C88","2026-05-10"
"Principal QA Engineer","MRJ Recruitment","Manchester, Greater Manchester","Adzuna (TotalJobs+)","Software QA Engineer","🏢 Office | 🚗 1h 13min | 🚌 ~2h 12min 💾","https://www.adzuna.co.uk/jobs/details/5724832016?utm_medium=api&utm_source=fec81443","2026-05-10"
"Senior Gameplay Programmer","Cloud Imperium Games Limited","Manchester, Greater Manchester","Adzuna (TotalJobs+)","Software QA Engineer","🏢 Office | 🚗 1h 13min | 🚌 ~2h 12min 💾","https://www.adzuna.co.uk/jobs/details/5720610934?utm_medium=api&utm_source=fec81443","2026-05-06"
"QA Engineer / Software Tester","","UK","Adzuna (TotalJobs+)","Software QA Engineer","🏢 Office | 📍 Brak lokalizacji","https://www.adzuna.co.uk/jobs/details/5719092071?utm_medium=api&utm_source=fec81443","2026-05-05"
"Lead Quality Engineer","Preservica","UK","Adzuna (TotalJobs+)","Software QA Engineer","🏢 Office | 📍 Brak lokalizacji","https://www.adzuna.co.uk/jobs/details/5714838817?utm_medium=api&utm_source=fec81443","2026-04-30"
"Software Engineer","Uniting Ambition","UK","Adzuna (TotalJobs+)","Software QA Engineer","🏢 Office | 📍 Brak lokalizacji","https://www.adzuna.co.uk/jobs/details/5714521071?utm_medium=api&utm_source=fec81443","2026-04-30"
"RF Test Engineer","Rowden","Bristol, South West England","Adzuna (TotalJobs+)","Software QA Engineer","🏢 Office | 🚗 1h 56min | 🚌 ~2h 42min","https://www.adzuna.co.uk/jobs/land/ad/5708447613?se=qvb2op1S8RGDpJGDu34ZFQ&utm_medium=api&utm_source=fec81443&v=BDB39D976345D483B8441CFEB83A92F55ECB0BC3","2026-04-23"
"Lead Quality Engineer","Preservica","Dry Sandford, Abingdon","Adzuna (TotalJobs+)","Software QA Engineer","🏢 Office | 🚗 2h 51min ❌ | 🚌 ~4h 💾","https://www.adzuna.co.uk/jobs/details/5707213055?utm_medium=api&utm_source=fec81443","2026-04-22"
"Software Team Lead","Smartbox Assistive Technology","UK","Adzuna (TotalJobs+)","Software QA Engineer","🏢 Office | 📍 Brak lokalizacji","https://www.adzuna.co.uk/jobs/details/5700008193?utm_medium=api&utm_source=fec81443","2026-04-15"
"Software Team Lead","Smartbox Assistive Technology","Bristol, South West England","Adzuna (TotalJobs+)","Software QA Engineer","🏢 Office | 🚗 1h 56min | 🚌 ~2h 42min","https://www.adzuna.co.uk/jobs/land/ad/5699809562?se=qvb2op1S8RGDpJGDu34ZFQ&utm_medium=api&utm_source=fec81443&v=17BFBCD6C5DB7B84D94DFA65ED799354A67E5CCF","2026-04-15"
"Software Team Lead","Get Staffed Online Recruitment","Bristol, South West England","Adzuna (TotalJobs+)","Software QA Engineer","🏢 Office | 🚗 1h 52min | 🚌 ~2h 37min 💾","https://www.adzuna.co.uk/jobs/details/5699487430?utm_medium=api&utm_source=fec81443","2026-04-15"
"Senior Delivery Manager","Informed Solutions","Altrincham, Greater Manchester","Adzuna (TotalJobs+)","Software QA Automation Engineer","🏢 Office | 🚗 1h 3min | 🚌 ~1h 54min 💾","https://www.adzuna.co.uk/jobs/details/5457262885?utm_medium=api&utm_source=fec81443","2025-10-21"
"Head of Architecture","University of Birmingham","Selly Oak, Birmingham","Adzuna (TotalJobs+)","Testing Lead","🏢 Office | 🚗 1h 59min | 🚌 ~2h 46min","https://www.adzuna.co.uk/jobs/details/5732848818?utm_medium=api&utm_source=fec81443","2026-05-18"
"Test Driven Development Lead","Tatton Recruitment","Brooklands, Sale","Adzuna (TotalJobs+)","Testing Lead","🏢 Office | 🚗 1h 8min | 🚌 ~2h 3min","https://www.adzuna.co.uk/jobs/details/5732846933?utm_medium=api&utm_source=fec81443","2026-05-18"
"Lead Electrical Engineer (Test Systems)","GE Vernova","Stafford, Staffordshire","Adzuna (TotalJobs+)","Testing Lead","🏢 Office | 🚗 1h 20min | 🚌 ~2h 24min","https://www.adzuna.co.uk/jobs/details/5732469854?utm_medium=api&utm_source=fec81443","2026-05-17"
"Senior Automation Test Analyst","Seven Investment Management","UK","Adzuna (TotalJobs+)","Testing Lead","🏢 Office | 📍 Brak lokalizacji","https://www.adzuna.co.uk/jobs/land/ad/5732355233?se=1GVNpJ1S8RGDpJGDu34ZFQ&utm_medium=api&utm_source=fec81443&v=1AAEAD36D9642667FBF15A2339A1E54A5FE40FB5","2026-05-17"
"Principal Test Systems Engineer","Leonardo","UK","Adzuna (TotalJobs+)","Testing Lead","🏢 Office | 📍 Brak lokalizacji","https://www.adzuna.co.uk/jobs/details/5732351756?utm_medium=api&utm_source=fec81443","2026-05-17"
"Leading Pressure Systems Technical Manager","Speedy Hire","Tamworth, Staffordshire","Adzuna (TotalJobs+)","Testing Lead","🏢 Office | 🚗 1h 44min | 🚌 ~2h 25min","https://www.adzuna.co.uk/jobs/details/5732290446?utm_medium=api&utm_source=fec81443","2026-05-17"
"Control Engineer - Industrial Turbines","Astute Technical Recruitment Ltd","Whisby Moor, Lincoln","Adzuna (TotalJobs+)","Testing Lead","🏢 Office | 🚗 2h 40min ❌ | 🚌 ~3h 45min","https://www.adzuna.co.uk/jobs/land/ad/5732242163?se=1GVNpJ1S8RGDpJGDu34ZFQ&utm_medium=api&utm_source=fec81443&v=7CF2B683D3F4C2252DA435B87E3F6EFE1BB2E1B1","2026-05-17"
"Leading Pressure Systems Technical Manager","Speedy Services","UK","Adzuna (TotalJobs+)","Testing Lead","🏢 Office | 📍 Brak lokalizacji","https://www.adzuna.co.uk/jobs/details/5732145263?utm_medium=api&utm_source=fec81443","2026-05-17"
"Senior Electronics Test Engineer","Redline Group - Specialist Recruitment for Technology & Electronics Companies","Cheshire, North West England","Adzuna (TotalJobs+)","Testing Lead","🏢 Office | 🚗 1h 14min | 🚌 ~2h 13min","https://www.adzuna.co.uk/jobs/details/5732095170?utm_medium=api&utm_source=fec81443","2026-05-17"
"Customer Quality Manager","RecruitME","Doncaster, South Yorkshire","Adzuna (TotalJobs+)","Testing Lead","🏢 Office | 🚗 2h 23min ❌ | 🚌 ~3h 21min","https://www.adzuna.co.uk/jobs/details/5732094467?utm_medium=api&utm_source=fec81443","2026-05-17"
"Quality Assurance Lead","Areti Group | B Corp™","UK","Adzuna (TotalJobs+)","Testing Lead","🏢 Office | 📍 Brak lokalizacji","https://www.adzuna.co.uk/jobs/details/5731521175?utm_medium=api&utm_source=fec81443","2026-05-16"
"Senior Marketing Effectiveness Manager","Marks & Spencer","UK","Adzuna (TotalJobs+)","Testing Lead","🏢 Office | 📍 Brak lokalizacji","https://www.adzuna.co.uk/jobs/details/5731351518?utm_medium=api&utm_source=fec81443","2026-05-16"
"Automation Test Lead","Health Research Authority","Sneinton, Nottingham","Adzuna (TotalJobs+)","Testing Lead","🏢 Office | 🚗 2h 10min ❌ | 🚌 ~3h 2min","https://www.adzuna.co.uk/jobs/details/5731350552?utm_medium=api&utm_source=fec81443","2026-05-16"
"Quality Engineering Lead- Oracle HCM testing","Infosys","Warwick, Warwickshire","Adzuna (TotalJobs+)","Testing Lead","🏢 Office | 🚗 2h 12min ❌ | 🚌 ~3h 5min","https://www.adzuna.co.uk/jobs/details/5731349283?utm_medium=api&utm_source=fec81443","2026-05-16"
"Marketing and Communications Director","Vintage Cash Cow & Arcavindi","Gildersome, Morley","Adzuna (TotalJobs+)","Testing Lead","🏢 Office | 🚗 1h 48min | 🚌 ~2h 31min","https://www.adzuna.co.uk/jobs/land/ad/5731347785?se=1GVNpJ1S8RGDpJGDu34ZFQ&utm_medium=api&utm_source=fec81443&v=FADD80233CC0226DB5C4B6F66B3F1D763418727D","2026-05-16"
"Senior Analyst - Decision Systems","Vanquis","Bradford, West Yorkshire","Adzuna (TotalJobs+)","Testing Lead","🏢 Office | 🚗 1h 53min | 🚌 ~2h 39min","https://www.adzuna.co.uk/jobs/details/5731345590?utm_medium=api&utm_source=fec81443","2026-05-16"
"Head of Digital Acquisition","Zachary Daniels","Liverpool, Merseyside","Adzuna (TotalJobs+)","Testing Lead","🏢 Office | 🚗 54min | 🚌 ~1h 37min","https://www.adzuna.co.uk/jobs/details/5731271928?utm_medium=api&utm_source=fec81443","2026-05-16"
"Senior Automation Test Analyst","Seven Investment Management","UK","Adzuna (TotalJobs+)","Test Lead","🏢 Office | 📍 Brak lokalizacji","https://www.adzuna.co.uk/jobs/land/ad/5732355233?se=JPsvpZ1S8RGH_dNRytL1PQ&utm_medium=api&utm_source=fec81443&v=1AAEAD36D9642667FBF15A2339A1E54A5FE40FB5","2026-05-17"
"Control Engineer - Industrial Turbines","Astute Technical Recruitment Ltd","Whisby Moor, Lincoln","Adzuna (TotalJobs+)","Test Lead","🏢 Office | 🚗 2h 40min ❌ | 🚌 ~3h 45min","https://www.adzuna.co.uk/jobs/land/ad/5732242163?se=JPsvpZ1S8RGH_dNRytL1PQ&utm_medium=api&utm_source=fec81443&v=7CF2B683D3F4C2252DA435B87E3F6EFE1BB2E1B1","2026-05-17"
"Marketing and Communications Director","Vintage Cash Cow & Arcavindi","Gildersome, Morley","Adzuna (TotalJobs+)","Test Lead","🏢 Office | 🚗 1h 48min | 🚌 ~2h 31min","https://www.adzuna.co.uk/jobs/land/ad/5731347785?se=JPsvpZ1S8RGH_dNRytL1PQ&utm_medium=api&utm_source=fec81443&v=FADD80233CC0226DB5C4B6F66B3F1D763418727D","2026-05-16"
"Software Engineer","Centrica","UK","Adzuna (TotalJobs+)","QA Engineer","🏢 Office | 📍 Brak lokalizacji","https://www.adzuna.co.uk/jobs/details/5732355228?utm_medium=api&utm_source=fec81443","2026-05-17"
"Quality Engineer","Pertemps Network Group","Keighley, West Yorkshire","Adzuna (TotalJobs+)","QA Engineer","🏢 Office | 🚗 2h 7min ❌ | 🚌 ~2h 58min","https://www.adzuna.co.uk/jobs/details/5732093833?utm_medium=api&utm_source=fec81443","2026-05-17"
"Senior .NET Developer","MRJ Recruitment","Manchester, Greater Manchester","Adzuna (TotalJobs+)","QA Engineer","🏢 Office | 🚗 1h 26min | 🚌 ~2h 35min","https://www.adzuna.co.uk/jobs/details/5732093228?utm_medium=api&utm_source=fec81443","2026-05-17"
"Quality Assurance Lead","Boost Talent ltd","Hartlebury, Kidderminster","Adzuna (TotalJobs+)","QA Engineer","🏢 Office | 🚗 1h 52min | 🚌 ~2h 37min","https://www.adzuna.co.uk/jobs/details/5731520848?utm_medium=api&utm_source=fec81443","2026-05-16"
"Quality Control Engineer","ES Recruit","Deeside, Flintshire","Adzuna (TotalJobs+)","QA Engineer","🏢 Office | 🚗 32min | 🚌 ~58min","https://www.adzuna.co.uk/jobs/details/5731491756?utm_medium=api&utm_source=fec81443","2026-05-16"
"Senior Technical Product Manager | Graphpad","Dotmatics","UK","Adzuna (TotalJobs+)","QA Engineer","🏢 Office | 📍 Brak lokalizacji","https://www.adzuna.co.uk/jobs/details/5731350161?utm_medium=api&utm_source=fec81443","2026-05-16"
"Weekend Welding Inspector (PCN Level 2)","Verus Recruitment","Brinsworth, Rotherham","Adzuna (TotalJobs+)","QA Engineer","🏢 Office | 🚗 2h 13min ❌ | 🚌 ~3h 6min","https://www.adzuna.co.uk/jobs/land/ad/5731186017?se=KEh6pZ1S8RGH_dNRytL1PQ&utm_medium=api&utm_source=fec81443&v=36B11A68B5A4DE0EC46E66DC1B2B3D4CB12001EB","2026-05-16"
"Work Transfer Engineer – Aerospace","Recruit Engineering","UK","Adzuna (TotalJobs+)","QA Engineer","🏢 Office | 📍 Brak lokalizacji","https://www.adzuna.co.uk/jobs/details/5730482162?utm_medium=api&utm_source=fec81443","2026-05-15"
"Weekend Welding Inspector (PCN Level 2)","Verus Recruitment Partners","Rotherham, South Yorkshire","Adzuna (TotalJobs+)","QA Engineer","🏢 Office | 🚗 2h 14min ❌ | 🚌 ~3h 8min","https://www.adzuna.co.uk/jobs/land/ad/5730475182?se=KEh6pZ1S8RGH_dNRytL1PQ&utm_medium=api&utm_source=fec81443&v=0FF76230A26E9982C2FC40E5895BAB098C5226AF","2026-05-15"
"Senior QA Automation Engineer","F5","Birmingham, West Midlands","Adzuna (TotalJobs+)","QA Engineer","🏢 Office | 🚗 1h 47min | 🚌 ~2h 30min","https://www.adzuna.co.uk/jobs/land/ad/5730475119?se=KEh6pZ1S8RGH_dNRytL1PQ&utm_medium=api&utm_source=fec81443&v=BFD41F90A48C397962DADB5FCEBC16301FA94CC9","2026-05-15"
"Geotechncial Construction Assurance Engineer","Carrington West","Crowfield, Brackley","Adzuna (TotalJobs+)","QA Engineer","🏢 Office | 🚗 2h 37min ❌ | 🚌 ~3h 40min","https://www.adzuna.co.uk/jobs/details/5730414826?utm_medium=api&utm_source=fec81443","2026-05-15"
"QA/Quality Engineer","Amentum","UK","Adzuna (TotalJobs+)","QA Engineer","🏢 Office | 📍 Brak lokalizacji","https://www.adzuna.co.uk/jobs/details/5730287772?utm_medium=api&utm_source=fec81443","2026-05-15"
"Senior Engineer","Kenton Black","Rusholme, Manchester","Adzuna (TotalJobs+)","QA Engineer","🏢 Office | 🚗 1h 16min | 🚌 ~2h 17min","https://www.adzuna.co.uk/jobs/details/5730274867?utm_medium=api&utm_source=fec81443","2026-05-15"
"Senior QA Automation Engineer","F5","Birmingham, West Midlands","Adzuna (TotalJobs+)","QA Automation Engineer","🏢 Office | 🚗 1h 47min | 🚌 ~2h 30min","https://www.adzuna.co.uk/jobs/land/ad/5730475119?se=GJPupZ1S8RGDpJGDu34ZFQ&utm_medium=api&utm_source=fec81443&v=BFD41F90A48C397962DADB5FCEBC16301FA94CC9","2026-05-15"
"Teradata Engineer (FS Industry) - Square One Resources","Square One Resources","Rugby, Warwickshire","Adzuna (TotalJobs+)","QA Automation Engineer","🏢 Office | 🚗 2h 10min ❌ | 🚌 ~3h 2min","https://www.adzuna.co.uk/jobs/land/ad/5728145325?se=GJPupZ1S8RGDpJGDu34ZFQ&utm_medium=api&utm_source=fec81443&v=0C3AF7B324F069DC6AB645DBE001D407CFAD819E","2026-05-13"
"Lead QA Engineer (Bangor / All UK)","Trust Payments","Bangor, Gwynedd","Adzuna (TotalJobs+)","QA Automation Engineer","🏢 Office | 🚗 1h 19min | 🚌 ~2h 23min 💾","https://www.adzuna.co.uk/jobs/details/5727311899?utm_medium=api&utm_source=fec81443","2026-05-12"
"QA Automation Engineer - Homebased","Outsourced","UK","Adzuna (TotalJobs+)","QA Automation Engineer","🏢 Office | 📍 Brak lokalizacji","https://www.adzuna.co.uk/jobs/details/5726366388?utm_medium=api&utm_source=fec81443","2026-05-12"
"Associate Engineer, GxP IT Support","ModernaTX","UK","Adzuna (TotalJobs+)","QA Automation Engineer","🏢 Office | 📍 Brak lokalizacji","https://www.adzuna.co.uk/jobs/details/5722139591?utm_medium=api&utm_source=fec81443","2026-05-07"
"Senior QA Engineer","Lucanet Group","UK","Adzuna (TotalJobs+)","QA Automation Engineer","🏢 Office | 📍 Brak lokalizacji","https://www.adzuna.co.uk/jobs/details/5722130847?utm_medium=api&utm_source=fec81443","2026-05-07"
"QA Automation Engineer","Howdens Joinery","UK","Adzuna (TotalJobs+)","QA Automation Engineer","🏢 Office | 📍 Brak lokalizacji","https://www.adzuna.co.uk/jobs/details/5720169656?utm_medium=api&utm_source=fec81443","2026-05-06"
"Quality Assurance Automation Engineer","Lorien","Leeds, West Yorkshire","Adzuna (TotalJobs+)","QA Automation Engineer","🏢 Office | 🚗 1h 51min | 🚌 ~2h 35min 💾","https://www.adzuna.co.uk/jobs/details/5718406932?utm_medium=api&utm_source=fec81443","2026-05-04"
"Engineering Manager","Myn","Manchester, Greater Manchester","Adzuna (TotalJobs+)","QA Automation Engineer","🏢 Office | 🚗 1h 13min | 🚌 ~2h 12min 💾","https://www.adzuna.co.uk/jobs/details/5715945311?utm_medium=api&utm_source=fec81443","2026-05-01"
"QA Automation Engineer","Lorien","Leeds, West Yorkshire","Adzuna (TotalJobs+)","QA Automation Engineer","🏢 Office | 🚗 2h 4min ❌ | 🚌 ~2h 53min","https://www.adzuna.co.uk/jobs/land/ad/5715792897?se=GJPupZ1S8RGDpJGDu34ZFQ&utm_medium=api&utm_source=fec81443&v=6D365FF3E3B90EFE9963426BAB8421EB6D4411C8","2026-05-01"
"Sr. Quality Assurance Engineer w/Detox Testing Experience","Concentrix","UK","Adzuna (TotalJobs+)","QA Automation Engineer","🏢 Office | 📍 Brak lokalizacji","https://www.adzuna.co.uk/jobs/land/ad/5711116799?se=GJPupZ1S8RGDpJGDu34ZFQ&utm_medium=api&utm_source=fec81443&v=F71EA2295CEF4A0B99E730E3FFBB639AD9F83C61","2026-04-26"
"Quality Assurance Analyst","Coforge","Telford, Shropshire","Adzuna (TotalJobs+)","QA Automation Engineer","🏢 Office | 🚗 1h 5min | 🚌 ~1h 56min 💾","https://www.adzuna.co.uk/jobs/details/5709976913?utm_medium=api&utm_source=fec81443","2026-04-25"
"DevOps Engineer","DXC Technology","UK","Adzuna (TotalJobs+)","QA Automation Engineer","🏢 Office | 📍 Brak lokalizacji","https://www.adzuna.co.uk/jobs/details/5707198284?utm_medium=api&utm_source=fec81443","2026-04-22"
"QA Engineer - Automation - Manchester","Forward Role","Manchester, Greater Manchester","Adzuna (TotalJobs+)","QA Automation Engineer","🏢 Office | 🚗 1h 27min | 🚌 ~2h 36min 💾","https://www.adzuna.co.uk/jobs/details/5701541532?utm_medium=api&utm_source=fec81443","2026-04-16"
"Senior QA Automation Engineer","StorMagic","Bristol, South West England","Adzuna (TotalJobs+)","QA Automation Engineer","🏢 Office | 🚗 1h 52min | 🚌 ~2h 37min 💾","https://www.adzuna.co.uk/jobs/details/5698054360?utm_medium=api&utm_source=fec81443","2026-04-13"
"Senior QA Engineer","Hulcan","Sheffield, South Yorkshire","Adzuna (TotalJobs+)","QA Automation Engineer","🏢 Office | 🚗 2h 15min ❌ | 🚌 ~3h 9min 💾","https://www.adzuna.co.uk/jobs/details/5663292744?utm_medium=api&utm_source=fec81443","2026-03-13"
"Senior QA Engineer","Hulcan","Manchester, Greater Manchester","Adzuna (TotalJobs+)","QA Automation Engineer","🏢 Office | 🚗 1h 21min | 🚌 ~2h 26min 💾","https://www.adzuna.co.uk/jobs/details/5663292745?utm_medium=api&utm_source=fec81443","2026-03-13"
"Senior QA Engineer","Vix Technology","Manchester, Greater Manchester","Adzuna (TotalJobs+)","QA Automation Engineer","🏢 Office | 🚗 1h 21min | 🚌 ~2h 26min 💾","https://www.adzuna.co.uk/jobs/details/5647323160?utm_medium=api&utm_source=fec81443","2026-02-27"
"QA Engineer","","Manchester, England","Glassdoor","Software QA Engineer","🏢 Office | 🚗 1h 27min | 🚌 ~2h 36min 💾","https://www.glassdoor.co.uk/job-listing/qa-engineer-clio-JV_IC2691218_KO0,11_KE12,16.htm?jl=1010076335947",""
"QA Engineer","","Birmingham, England","Glassdoor","Software QA Engineer","🏢 Office | 🚗 1h 42min | 🚌 ~2h 23min 💾","https://www.glassdoor.co.uk/job-listing/qa-engineer-scc-JV_IC3376957_KO0,11_KE12,15.htm?jl=1010134704517",""
"QA Engineer","","Manchester, England","Glassdoor","Software QA Engineer","🏢 Office | 🚗 1h 24min | 🚌 ~2h 32min 💾","https://www.glassdoor.co.uk/job-listing/qa-engineer-zellis-JV_IC2691218_KO0,11_KE12,18.htm?jl=1010088385556",""